####
#
#	OBJ File Generated by LightWave3D
#	LightWave3D OBJ Export v2.3
#
####
o Fly_uv_Lowpoly.obj
mtllib Fly_uv_Lowpoly.mtl
g default
v 0.0426092 0.0126722 0.0101309
v 0.0451353 0.0126722 0.0101309
v -0.00704008 0.0204178 0.0722501
v 1.36788e-009 0.019026 0.0728311
v -0.00858735 0.0267507 0.0728311
v 1.39698e-009 0.0267507 0.0745742
v 1.33878e-009 0.0344755 0.0728311
v -0.00704008 0.0330836 0.0722501
v 0.00858735 0.0267507 0.0728311
v 0.00704008 0.0330836 0.0722501
v 0.00704008 0.0204178 0.0722501
v -0.0180473 0.0180285 0.0507348
v -0.0249271 0.0283176 0.0517273
v -0.0238119 0.0143454 0.0364995
v -0.0327941 0.0288756 0.0353727
v -0.0197729 0.0173777 0.0230726
v -0.0238119 0.02894 0.0189778
v -0.0238119 0.0497805 0.0308654
v -0.0197729 0.0463404 0.0167624
v -0.0180473 0.0433071 0.049608
v 2.91038e-010 0.0495602 0.0506005
v 4.65661e-010 0.0581823 0.0297386
v 0 0.0501024 0.013569
v 0.0238119 0.0497805 0.0308654
v 0.0197729 0.0463404 0.0167624
v 0.0180473 0.0433071 0.049608
v 0.0180473 0.0180285 0.0507348
v 0.0238119 0.0143454 0.0364995
v 0.0249271 0.0283176 0.0517273
v 0.0327941 0.0288756 0.0353727
v 0.0238119 0.02894 0.0189778
v 0.0197729 0.0173777 0.0230726
v 1.16415e-010 0.0133422 0.0519527
v 4.65661e-010 0.00806835 0.0364995
v 0 0.0143454 0.02033
v 4.65661e-010 0.02894 0.0128784
v -0.00700664 0.0219503 0.0559586
v -0.00969143 0.0270512 0.0565317
v 1.16415e-009 0.0198357 0.0565317
v -0.00700664 0.0330536 0.0559586
v 1.23691e-009 0.0354687 0.0565317
v 0.00700665 0.0330536 0.0559586
v 0.00969144 0.0270512 0.0565317
v 0.00700665 0.0219503 0.0559586
v -0.00358798 0.0235232 0.0585771
v -0.00496282 0.0267507 0.0586488
v 1.49885e-009 0.0222864 0.0586488
v -0.00358798 0.0299783 0.0585771
v 1.5134e-009 0.031215 0.0586488
v 0.00358798 0.0299783 0.0585771
v 0.00496282 0.0267507 0.0586488
v 0.00358798 0.0235232 0.0585771
v -0.00402338 0.0231315 0.0614844
v -0.00556504 0.0267507 0.0614844
v 1.46974e-009 0.0217447 0.0614844
v -0.00402338 0.03037 0.0614844
v 1.49885e-009 0.0317568 0.0614844
v 0.00402338 0.03037 0.0614844
v 0.00556505 0.0267507 0.0614844
v 0.00402338 0.0231315 0.0614844
v -0.00676476 0.0206655 0.0654372
v -0.00935686 0.0267507 0.0654372
v 1.22236e-009 0.0183338 0.0654372
v -0.00676476 0.032836 0.0654372
v 1.30967e-009 0.0351677 0.0654372
v 0.00676476 0.032836 0.0654372
v 0.00935686 0.0267507 0.0654372
v 0.00676476 0.0206655 0.0654372
v -0.0171938 0.00896403 0.00883869
v 5.82077e-011 0.00533077 0.0142078
v -0.020706 0.025513 0.0142078
v 4.65661e-010 0.0256633 0.0261482
v 5.82077e-011 0.0417032 0.0142078
v -0.0171938 0.0384181 0.00883869
v 0.020706 0.025513 0.0142078
v 0.0171938 0.0384181 0.00883869
v 0.0171938 0.00896403 0.00883869
v -0.020706 0.00533077 -0.0174461
v -0.0285166 0.0250623 -0.0174461
v -0.0171938 0.00896403 -0.0437309
v -0.020706 0.025513 -0.0491001
v -0.020706 0.0395997 -0.0174461
v -0.0171938 0.0384181 -0.0437309
v 4.65661e-010 0.0456049 -0.0174461
v 5.82077e-011 0.0417032 -0.0491001
v 0.020706 0.0395997 -0.0174461
v 0.0171938 0.0384181 -0.0437309
v 0.020706 0.00533077 -0.0174461
v 0.0285166 0.0250623 -0.0174461
v 0.020706 0.025513 -0.0491001
v 0.0171938 0.00896403 -0.0437309
v 4.65661e-010 -0.00274918 -0.0174461
v 5.82077e-011 0.00533077 -0.0491001
v 4.65661e-010 0.0256633 -0.0610405
v 0.00154561 0.0493395 0.0468244
v 0.00821359 0.0502916 0.0375891
v 0.00292034 0.0404024 0.0516457
v 0.0111319 0.0387895 0.0407187
v 0.00910066 0.0329159 0.0549262
v 0.0173119 0.0305132 0.0473459
v 0.0226051 0.0404024 0.0332893
v 0.0254465 0.0329159 0.0396834
v 0.0178915 0.0493395 0.0315816
v 0.00269452 0.0545674 0.0514035
v 0.00353097 0.0446783 0.0597441
v 0.0117928 0.0347891 0.0611603
v 0.0233512 0.0310588 0.0538223
v 0.0314776 0.0347891 0.0428039
v 0.0223793 0.0545674 0.0330472
v 0.0306412 0.0446783 0.0344634
v 0.0108209 0.0582978 0.0403852
v 0.011567 0.0489541 0.0609181
v 0.00872562 0.0564406 0.054524
v 0.0162807 0.0400171 0.0626258
v 0.0259586 0.039065 0.0566183
v 0.0326265 0.0400171 0.0473831
v 0.0312518 0.0489541 0.0425617
v 0.0250715 0.0564406 0.0392812
v 0.0168603 0.0588433 0.0468616
v 0.0230402 0.050567 0.0534888
v 0.0219348 0.0437606 -0.00291714
v 0.0487977 0.0433057 -0.0247456
v 0.0244317 0.0433057 0.00842198
v 0.0592402 0.0422941 -0.0127329
v 0.0360642 0.0437606 0.0133369
v 0.0696827 0.0433057 -0.000720249
v 0.0824325 0.0433057 -0.0306178
v 0.0882071 0.0437606 -0.0173563
v 0.0701037 0.0437606 -0.0381818
v 0.0160661 0.0459876 -0.00120151
v 0.0132717 0.0459876 0.0158473
v 0.0244317 0.0486695 0.00842198
v 0.0219348 0.0482146 -0.00291714
v 0.0327973 0.0459876 0.0180455
v 0.0360642 0.0482146 0.0133369
v 0.073619 0.0459876 0.00380797
v 0.0696827 0.0486695 -0.000720249
v 0.0933332 0.0459876 -0.018078
v 0.0882071 0.0482146 -0.0173563
v 0.0715319 0.0459876 -0.0431575
v 0.0897204 0.0459876 -0.036953
v 0.0824325 0.0486695 -0.0306178
v 0.0701037 0.0482146 -0.0381818
v 0.0448614 0.0459876 -0.0292738
v 0.0487977 0.0486695 -0.0247456
v 0.0592402 0.0496811 -0.0127329
v 0.0282746 0.0127903 -0.0214653
v 0.0260639 0.0116267 -0.0235012
v 0.0331435 0.0154999 -0.0238097
v 0.0316388 0.0143449 -0.0269848
v 0.0363819 0.0184552 -0.0260659
v 0.0344997 0.0173223 -0.0287725
v 0.0294447 0.0154999 -0.0297291
v 0.0328921 0.0184552 -0.0316507
v 0.0252032 0.0127903 -0.0263807
v 0.0264163 0.0144518 -0.019606
v 0.032568 0.0183 -0.0218977
v 0.0308186 0.0212328 -0.0223569
v 0.0257883 0.0174822 -0.0199117
v 0.0376051 0.0212889 -0.0253486
v 0.0374919 0.0241551 -0.0267595
v 0.0227174 0.0144518 -0.0255255
v 0.0274739 0.0183 -0.03005
v 0.0327837 0.0212889 -0.0330645
v 0.0340022 0.0241551 -0.0323443
v 0.0271197 0.0212328 -0.0282763
v 0.0227168 0.0174822 -0.024827
v 0.0225011 0.0129297 -0.0212749
v 0.0230697 0.017277 -0.0216302
v 0.028512 0.0222135 -0.0250309
v 0.0363244 0.0250887 -0.0299127
v 0.0380934 0.0162093 -0.0271354
v 0.0352538 0.0161617 -0.0292437
v 0.0398202 0.0100397 -0.0279817
v 0.0369844 0.00956286 -0.0303251
v 0.0418927 0.00428621 -0.0299749
v 0.0403021 0.00287791 -0.0323983
v 0.0361213 0.0100397 -0.0339011
v 0.0388213 0.00428621 -0.0348902
v 0.0346037 0.0162093 -0.0327201
v 0.0409084 0.0180704 -0.0274127
v 0.0431639 0.0112071 -0.0285188
v 0.0450952 0.0124274 -0.031278
v 0.0427895 0.0189719 -0.0300698
v 0.0447891 0.00407177 -0.0310867
v 0.046273 0.00626893 -0.032712
v 0.0438126 0.00139021 -0.0345918
v 0.0455772 0.00526563 -0.0356945
v 0.0410903 0.00407177 -0.0370061
v 0.0432016 0.00626893 -0.0376273
v 0.0360869 0.0180704 -0.0351286
v 0.0380698 0.0112071 -0.0366711
v 0.0413964 0.0124274 -0.0371974
v 0.0392997 0.0189719 -0.0356546
v 0.0442493 0.0128513 -0.0348647
v 0.0417414 0.0199792 -0.0332976
v 0.0382403 0.0168519 -0.0260375
v 0.0412718 0.0201098 -0.0259882
v 0.0373592 0.0179619 -0.025487
v 0.040149 0.0213986 -0.0252867
v 0.0430624 0.0225888 -0.0290508
v 0.0409038 0.024958 -0.0277019
v 0.0414538 0.0240775 -0.0331179
v 0.0395375 0.0262025 -0.0319205
v 0.0385035 0.0225888 -0.0363466
v 0.0363449 0.024958 -0.0349978
v 0.0349659 0.0201098 -0.0360797
v 0.0338432 0.0213986 -0.0353782
v 0.0336813 0.0168519 -0.0333334
v 0.0328003 0.0179619 -0.0327829
v 0.0347839 0.0161422 -0.0289501
v 0.0345635 0.0165529 -0.0288124
v -0.00154561 0.0493395 0.0468244
v -0.00292034 0.0404024 0.0516457
v -0.00821359 0.0502916 0.0375891
v -0.0111319 0.0387895 0.0407187
v -0.00910066 0.0329159 0.0549262
v -0.0173119 0.0305132 0.0473459
v -0.0226051 0.0404024 0.0332893
v -0.0254465 0.0329159 0.0396834
v -0.0178915 0.0493395 0.0315816
v -0.00269452 0.0545674 0.0514035
v -0.00353097 0.0446783 0.0597441
v -0.0117928 0.0347891 0.0611603
v -0.0233512 0.0310588 0.0538223
v -0.0314776 0.0347891 0.0428039
v -0.0223793 0.0545674 0.0330472
v -0.0306412 0.0446783 0.0344634
v -0.0108209 0.0582978 0.0403852
v -0.011567 0.0489541 0.0609181
v -0.00872562 0.0564406 0.054524
v -0.0162807 0.0400171 0.0626258
v -0.0259586 0.039065 0.0566183
v -0.0326265 0.0400171 0.0473831
v -0.0312518 0.0489541 0.0425617
v -0.0250715 0.0564406 0.0392812
v -0.0168603 0.0588433 0.0468616
v -0.0230402 0.050567 0.0534888
v -0.0219348 0.0437606 -0.00291714
v -0.0244317 0.0433057 0.00842198
v -0.0487977 0.0433057 -0.0247456
v -0.0592402 0.0422941 -0.0127329
v -0.0360642 0.0437606 0.0133369
v -0.0696827 0.0433057 -0.000720249
v -0.0824325 0.0433057 -0.0306178
v -0.0882071 0.0437606 -0.0173563
v -0.0701037 0.0437606 -0.0381818
v -0.0160661 0.0459876 -0.00120151
v -0.0132717 0.0459876 0.0158473
v -0.0244317 0.0486695 0.00842198
v -0.0219348 0.0482146 -0.00291714
v -0.0327973 0.0459876 0.0180455
v -0.0360642 0.0482146 0.0133369
v -0.073619 0.0459876 0.00380797
v -0.0696827 0.0486695 -0.000720249
v -0.0933332 0.0459876 -0.018078
v -0.0882071 0.0482146 -0.0173563
v -0.0715319 0.0459876 -0.0431575
v -0.0897204 0.0459876 -0.036953
v -0.0824325 0.0486695 -0.0306178
v -0.0701037 0.0482146 -0.0381818
v -0.0448614 0.0459876 -0.0292738
v -0.0487977 0.0486695 -0.0247456
v -0.0592402 0.0496811 -0.0127329
v 0.0227559 0.0103385 0.00678802
v 0.0234648 0.00917483 0.00386748
v 0.0271668 0.0130481 0.00990988
v 0.0292143 0.011893 0.00705448
v 0.0307101 0.0160034 0.0116484
v 0.0321649 0.0148705 0.00869
v 0.0305508 0.0130481 0.003805
v 0.0339028 0.0160034 0.00588861
v 0.0255659 0.0103385 0.00171865
v 0.0202288 0.012 0.00606406
v 0.0252156 0.0158482 0.0103335
v 0.024769 0.0187809 0.00858074
v 0.0201917 0.0150304 0.00536663
v 0.0306758 0.0188371 0.013066
v 0.031855 0.0217033 0.012283
v 0.0236128 0.012 -4.08225e-005
v 0.029876 0.0158482 0.00192575
v 0.0350868 0.0188371 0.0051083
v 0.0350477 0.0217033 0.00652322
v 0.028153 0.0187809 0.00247586
v 0.0230017 0.0150304 0.000297266
v 0.0197903 0.0104779 0.00183068
v 0.0203768 0.0148252 0.00215575
v 0.0259895 0.0197617 0.00526696
v 0.0340467 0.0226369 0.00973314
v 0.0324753 0.0137575 0.0126268
v 0.0329426 0.0137098 0.00912112
v 0.0340527 0.00758783 0.0137268
v 0.0347275 0.00711102 0.0101105
v 0.0368007 0.00183437 0.0145732
v 0.0381491 0.00042607 0.0120071
v 0.0374367 0.00758783 0.00762188
v 0.0396107 0.00183437 0.00950381
v 0.035668 0.0137575 0.00686706
v 0.0340826 0.0156186 0.0149544
v 0.0361435 0.00875523 0.0163909
v 0.039493 0.00997555 0.0167424
v 0.0373185 0.0165201 0.0153115
v 0.0391773 0.00161993 0.0165674
v 0.0413182 0.00381709 0.0170773
v 0.0417696 -0.00106163 0.014014
v 0.0435895 0.00281379 0.0150228
v 0.0425613 0.00161993 0.0104625
v 0.0441282 0.00381709 0.0120079
v 0.0384936 0.0156186 0.0069967
v 0.040804 0.00875523 0.0079832
v 0.042877 0.00997555 0.0106375
v 0.0405112 0.0165201 0.00955169
v 0.04222 0.0103994 0.0142636
v 0.0396335 0.0175274 0.0128299
v 0.0315863 0.0144 0.0132875
v 0.0330129 0.017658 0.0159628
v 0.0306776 0.0155101 0.0127838
v 0.031855 0.0189467 0.015321
v 0.0365596 0.020137 0.0160442
v 0.0343333 0.0225062 0.0148102
v 0.0393369 0.0216256 0.0126655
v 0.0373606 0.0237507 0.01157
v 0.0407304 0.020137 0.00851977
v 0.0385042 0.0225062 0.00728574
v 0.0387819 0.017658 0.00555516
v 0.037624 0.0189467 0.00491332
v 0.0357572 0.0144 0.00576304
v 0.0348485 0.0155101 0.00525937
v 0.032458 0.0136904 0.00885246
v 0.0322307 0.0141011 0.00872649
v 0.0245274 0.0127903 -0.00459491
v 0.0234819 0.0116267 -0.00741255
v 0.0299299 0.0154999 -0.00447333
v 0.0300306 0.0143449 -0.00798549
v 0.0338396 0.0184552 -0.00501343
v 0.0333913 0.0173223 -0.00827951
v 0.0293216 0.0154999 -0.0114268
v 0.0332656 0.0184552 -0.0115738
v 0.0240222 0.0127903 -0.0103689
v 0.0220274 0.0144518 -0.00378195
v 0.0285491 0.0183 -0.00303101
v 0.0271988 0.0212328 -0.00423439
v 0.0216067 0.0174822 -0.00433938
v 0.0346038 0.0212889 -0.003819
v 0.0351436 0.0241551 -0.00512752
v 0.0214191 0.0144518 -0.0107354
v 0.0277113 0.0183 -0.0126074
v 0.0338109 0.0212889 -0.0128828
v 0.0345696 0.0241551 -0.0116879
v 0.0265904 0.0212328 -0.0111879
v 0.0211015 0.0174822 -0.0101134
v 0.0192967 0.0129297 -0.00704639
v 0.0199646 0.017277 -0.00710483
v 0.0263576 0.0222135 -0.00766414
v 0.0355348 0.0250887 -0.00846704
v 0.0358501 0.0162093 -0.00518933
v 0.0342772 0.0161617 -0.00835702
v 0.0377729 0.0100397 -0.0051595
v 0.0363101 0.00956286 -0.00853488
v 0.0405244 0.00428621 -0.00599447
v 0.0402074 0.00287791 -0.00887584
v 0.0371646 0.0100397 -0.012113
v 0.0400193 0.00428621 -0.0117685
v 0.0352761 0.0162093 -0.0117497
v 0.0384841 0.0180704 -0.00415848
v 0.040996 0.0112071 -0.00411997
v 0.0439695 0.0124274 -0.00570163
v 0.0413665 0.0189719 -0.00567196
v 0.0436099 0.00407177 -0.00567017
v 0.0456699 0.00626893 -0.00644464
v 0.0443311 0.00139021 -0.00923662
v 0.046404 0.00526563 -0.00941797
v 0.0430015 0.00407177 -0.0126236
v 0.0451647 0.00626893 -0.0122187
v 0.0376912 0.0180704 -0.0132223
v 0.0401582 0.0112071 -0.0136964
v 0.0433611 0.0124274 -0.0126551
v 0.0407926 0.0189719 -0.0122323
v 0.0448441 0.0128513 -0.0092815
v 0.0418981 0.0199792 -0.00902377
v 0.0354825 0.0168519 -0.00414448
v 0.0381612 0.0201098 -0.00272428
v 0.0344476 0.0179619 -0.00405394
v 0.0368424 0.0213986 -0.0026089
v 0.0411471 0.0225888 -0.00464007
v 0.0386114 0.024958 -0.00441822
v 0.0415602 0.0240775 -0.0089942
v 0.0393092 0.0262025 -0.00879726
v 0.0403973 0.0225888 -0.0132104
v 0.0378616 0.024958 -0.0129886
v 0.0371241 0.0201098 -0.0145786
v 0.0358053 0.0213986 -0.0144633
v 0.0347327 0.0168519 -0.0127149
v 0.0336978 0.0179619 -0.0126243
v 0.0337251 0.0161422 -0.00830872
v 0.0334663 0.0165529 -0.00828607
v -0.0282746 0.0127903 -0.0214653
v -0.0331435 0.0154999 -0.0238097
v -0.0260639 0.0116267 -0.0235012
v -0.0316388 0.0143449 -0.0269848
v -0.0363819 0.0184552 -0.0260659
v -0.0344997 0.0173223 -0.0287725
v -0.0294447 0.0154999 -0.0297291
v -0.0328921 0.0184552 -0.0316507
v -0.0252032 0.0127903 -0.0263807
v -0.0264163 0.0144518 -0.019606
v -0.032568 0.0183 -0.0218977
v -0.0308186 0.0212328 -0.0223569
v -0.0257883 0.0174822 -0.0199117
v -0.0376051 0.0212889 -0.0253486
v -0.0374919 0.0241551 -0.0267595
v -0.0227174 0.0144518 -0.0255254
v -0.0274739 0.0183 -0.03005
v -0.0327837 0.0212889 -0.0330645
v -0.0340022 0.0241551 -0.0323443
v -0.0271197 0.0212328 -0.0282763
v -0.0227168 0.0174822 -0.024827
v -0.0225011 0.0129297 -0.0212749
v -0.0230697 0.017277 -0.0216302
v -0.028512 0.0222135 -0.0250309
v -0.0363244 0.0250887 -0.0299127
v -0.0380934 0.0162093 -0.0271354
v -0.0398202 0.0100397 -0.0279817
v -0.0352538 0.0161617 -0.0292437
v -0.0369844 0.00956286 -0.0303251
v -0.0418927 0.00428621 -0.0299749
v -0.0403021 0.00287791 -0.0323983
v -0.0361213 0.0100397 -0.0339011
v -0.0388213 0.00428621 -0.0348902
v -0.0346037 0.0162093 -0.0327201
v -0.0409084 0.0180704 -0.0274127
v -0.0431639 0.0112071 -0.0285188
v -0.0450952 0.0124274 -0.031278
v -0.0427895 0.0189719 -0.0300698
v -0.0447891 0.00407177 -0.0310867
v -0.046273 0.00626893 -0.032712
v -0.0438126 0.00139021 -0.0345918
v -0.0455772 0.00526563 -0.0356945
v -0.0410903 0.00407177 -0.0370061
v -0.0432016 0.00626893 -0.0376273
v -0.0360869 0.0180704 -0.0351286
v -0.0380698 0.0112071 -0.0366711
v -0.0413964 0.0124274 -0.0371974
v -0.0392997 0.0189719 -0.0356546
v -0.0442493 0.0128513 -0.0348647
v -0.0417414 0.0199792 -0.0332976
v -0.0382403 0.0168519 -0.0260375
v -0.0373592 0.0179619 -0.025487
v -0.0412718 0.0201098 -0.0259882
v -0.040149 0.0213986 -0.0252867
v -0.0430624 0.0225888 -0.0290508
v -0.0409038 0.024958 -0.0277019
v -0.0414538 0.0240775 -0.0331179
v -0.0395375 0.0262025 -0.0319205
v -0.0385035 0.0225888 -0.0363466
v -0.0363449 0.024958 -0.0349978
v -0.0349659 0.0201098 -0.0360797
v -0.0338432 0.0213986 -0.0353782
v -0.0336813 0.0168519 -0.0333334
v -0.0328003 0.0179619 -0.0327829
v -0.0347839 0.0161422 -0.0289501
v -0.0345635 0.0165529 -0.0288124
v -0.0227559 0.0103385 0.00678802
v -0.0271668 0.0130481 0.00990988
v -0.0234648 0.00917483 0.00386748
v -0.0292143 0.011893 0.00705449
v -0.0307101 0.0160034 0.0116484
v -0.0321649 0.0148705 0.00869
v -0.0305508 0.0130481 0.003805
v -0.0339028 0.0160034 0.00588861
v -0.0255659 0.0103385 0.00171865
v -0.0202288 0.012 0.00606406
v -0.0252156 0.0158482 0.0103335
v -0.024769 0.0187809 0.00858074
v -0.0201917 0.0150304 0.00536663
v -0.0306758 0.0188371 0.013066
v -0.031855 0.0217033 0.012283
v -0.0236128 0.012 -4.08225e-005
v -0.029876 0.0158482 0.00192575
v -0.0350868 0.0188371 0.0051083
v -0.0350477 0.0217033 0.00652322
v -0.028153 0.0187809 0.00247586
v -0.0230017 0.0150304 0.000297266
v -0.0197903 0.0104779 0.00183068
v -0.0203768 0.0148252 0.00215575
v -0.0259895 0.0197617 0.00526696
v -0.0340467 0.0226369 0.00973314
v -0.0324753 0.0137575 0.0126268
v -0.0340527 0.00758783 0.0137268
v -0.0329426 0.0137098 0.00912112
v -0.0347275 0.00711102 0.0101105
v -0.0368007 0.00183437 0.0145732
v -0.0381491 0.00042607 0.0120071
v -0.0374367 0.00758783 0.00762188
v -0.0396107 0.00183437 0.00950381
v -0.035668 0.0137575 0.00686706
v -0.0340826 0.0156186 0.0149544
v -0.0361435 0.00875523 0.0163909
v -0.039493 0.00997555 0.0167424
v -0.0373185 0.0165201 0.0153115
v -0.0391773 0.00161993 0.0165674
v -0.0413182 0.00381709 0.0170773
v -0.0417696 -0.00106163 0.014014
v -0.0435895 0.00281379 0.0150228
v -0.0425613 0.00161993 0.0104625
v -0.0441282 0.00381709 0.0120079
v -0.0384936 0.0156186 0.0069967
v -0.040804 0.00875523 0.0079832
v -0.042877 0.00997555 0.0106375
v -0.0405112 0.0165201 0.00955169
v -0.04222 0.0103994 0.0142636
v -0.0396335 0.0175274 0.0128299
v -0.0315863 0.0144 0.0132875
v -0.0306776 0.0155101 0.0127838
v -0.0330129 0.017658 0.0159628
v -0.031855 0.0189467 0.015321
v -0.0365596 0.020137 0.0160442
v -0.0343333 0.0225062 0.0148102
v -0.0393369 0.0216256 0.0126655
v -0.0373606 0.0237507 0.01157
v -0.0407304 0.020137 0.00851977
v -0.0385042 0.0225062 0.00728574
v -0.0387819 0.017658 0.00555516
v -0.037624 0.0189467 0.00491332
v -0.0357572 0.0144 0.00576304
v -0.0348485 0.0155101 0.00525937
v -0.032458 0.0136904 0.00885246
v -0.0322307 0.0141011 0.00872649
v -0.0245274 0.0127903 -0.00459491
v -0.0299299 0.0154999 -0.00447333
v -0.0234819 0.0116267 -0.00741255
v -0.0300306 0.0143449 -0.00798549
v -0.0338396 0.0184552 -0.00501343
v -0.0333913 0.0173223 -0.00827951
v -0.0293216 0.0154999 -0.0114268
v -0.0332656 0.0184552 -0.0115738
v -0.0240222 0.0127903 -0.0103689
v -0.0220274 0.0144518 -0.00378195
v -0.0285491 0.0183 -0.00303101
v -0.0271988 0.0212328 -0.00423439
v -0.0216067 0.0174822 -0.00433938
v -0.0346038 0.0212889 -0.003819
v -0.0351436 0.0241551 -0.00512752
v -0.0214191 0.0144518 -0.0107354
v -0.0277113 0.0183 -0.0126074
v -0.0338109 0.0212889 -0.0128828
v -0.0345696 0.0241551 -0.0116879
v -0.0265904 0.0212328 -0.0111879
v -0.0211015 0.0174822 -0.0101134
v -0.0192967 0.0129297 -0.00704639
v -0.0199646 0.017277 -0.00710483
v -0.0263576 0.0222135 -0.00766414
v -0.0355348 0.0250887 -0.00846704
v -0.0358501 0.0162093 -0.00518933
v -0.0377729 0.0100397 -0.0051595
v -0.0342772 0.0161617 -0.00835702
v -0.0363101 0.00956286 -0.00853488
v -0.0405244 0.00428621 -0.00599447
v -0.0402074 0.00287791 -0.00887584
v -0.0371646 0.0100397 -0.012113
v -0.0400193 0.00428621 -0.0117685
v -0.0352761 0.0162093 -0.0117497
v -0.0384841 0.0180704 -0.00415848
v -0.040996 0.0112071 -0.00411997
v -0.0439695 0.0124274 -0.00570163
v -0.0413665 0.0189719 -0.00567195
v -0.0436099 0.00407177 -0.00567017
v -0.0456699 0.00626893 -0.00644464
v -0.0443311 0.00139021 -0.00923662
v -0.046404 0.00526563 -0.00941797
v -0.0430015 0.00407177 -0.0126236
v -0.0451647 0.00626893 -0.0122187
v -0.0376912 0.0180704 -0.0132223
v -0.0401582 0.0112071 -0.0136964
v -0.0433611 0.0124274 -0.0126551
v -0.0407926 0.0189719 -0.0122323
v -0.0448441 0.0128513 -0.0092815
v -0.0418981 0.0199792 -0.00902377
v -0.0354825 0.0168519 -0.00414448
v -0.0344476 0.0179619 -0.00405394
v -0.0381612 0.0201098 -0.00272428
v -0.0368424 0.0213986 -0.0026089
v -0.0411471 0.0225888 -0.00464007
v -0.0386114 0.024958 -0.00441822
v -0.0415602 0.0240775 -0.0089942
v -0.0393092 0.0262025 -0.00879726
v -0.0403973 0.0225888 -0.0132104
v -0.0378616 0.024958 -0.0129886
v -0.0371241 0.0201098 -0.0145786
v -0.0358053 0.0213986 -0.0144633
v -0.0347327 0.0168519 -0.0127149
v -0.0336978 0.0179619 -0.0126243
v -0.0337251 0.0161422 -0.00830872
v -0.0334663 0.0165529 -0.00828607
vt 0.0313771 0.28841
vt 0.0340992 0.278358
vt 0.0661426 0.201208
vt 0.0692708 0.19027
vt 0.0747076 0.376885
vt 0.077276 0.377778
vt 0.100923 0.286055
vt 0.113324 0.34957
vt 0.11583 0.291237
vt 0.118171 0.214522
vt 0.125922 0.707148
vt 0.126236 0.704945
vt 0.12666 0.348381
vt 0.127978 0.21313
vt 0.136345 0.160231
vt 0.136424 0.14347
vt 0.138708 0.10913
vt 0.145717 0.0992662
vt 0.148962 0.0644069
vt 0.150409 0.637733
vt 0.15143 0.63658
vt 0.151542 0.773234
vt 0.152057 0.0629774
vt 0.152651 0.774969
vt 0.153683 0.137867
vt 0.15732 0.122054
vt 0.157633 0.131347
vt 0.157707 0.149239
vt 0.160584 0.17184
vt 0.161232 0.15439
vt 0.16519 0.705766
vt 0.165212 0.704892
vt 0.167924 0.111579
vt 0.168728 0.0797954
vt 0.169203 0.100412
vt 0.169722 0.0743778
vt 0.172374 0.659206
vt 0.172889 0.658583
vt 0.172962 0.751179
vt 0.172962 0.751179
vt 0.173174 0.75221
vt 0.17367 0.135144
vt 0.174191 0.122298
vt 0.174332 0.138267
vt 0.174995 0.154234
vt 0.1925 0.0432366
vt 0.193718 0.0714745
vt 0.194073 0.101608
vt 0.19446 0.122763
vt 0.194751 0.136331
vt 0.19508 0.155793
vt 0.195985 0.213248
vt 0.197178 0.290323
vt 0.197744 0.0771616
vt 0.197755 0.113421
vt 0.197811 0.0430029
vt 0.197933 0.138965
vt 0.198039 0.416994
vt 0.198124 0.358152
vt 0.198152 0.155452
vt 0.198189 0.355983
vt 0.198232 0.284118
vt 0.198302 0.172682
vt 0.198325 0.212561
vt 0.199281 0.426971
vt 0.214765 0.121586
vt 0.215796 0.134418
vt 0.217092 0.607813
vt 0.217586 0.650613
vt 0.217586 0.650613
vt 0.217749 0.0730318
vt 0.218114 0.607797
vt 0.218128 0.705022
vt 0.218146 0.65054
vt 0.218183 0.704833
vt 0.218183 0.704833
vt 0.218216 0.759126
vt 0.218239 0.801869
vt 0.218535 0.759446
vt 0.218969 0.0994015
vt 0.219283 0.80225
vt 0.221429 0.138201
vt 0.221514 0.154075
vt 0.226739 0.0798598
vt 0.227523 0.111495
vt 0.228869 0.153283
vt 0.23175 0.130067
vt 0.231997 0.120572
vt 0.233739 0.0598582
vt 0.236178 0.17185
vt 0.239634 0.149155
vt 0.241627 0.137658
vt 0.243065 0.0966745
vt 0.246555 0.0645754
vt 0.253323 0.141572
vt 0.256544 0.109172
vt 0.260908 0.160427
vt 0.262964 0.65806
vt 0.263415 0.658498
vt 0.263463 0.751101
vt 0.263803 0.750811
vt 0.263953 0.210991
vt 0.269448 0.346161
vt 0.271123 0.70435
vt 0.271155 0.704795
vt 0.278512 0.214768
vt 0.278513 0.2887
vt 0.282951 0.349834
vt 0.284214 0.635722
vt 0.284843 0.636455
vt 0.284909 0.77312
vt 0.285525 0.772582
vt 0.295543 0.286363
vt 0.310131 0.704775
vt 0.310156 0.703855
vt 0.318921 0.378149
vt 0.321921 0.18631
vt 0.32225 0.373048
vt 0.330658 0.201665
vt 0.359805 0.273295
vt 0.365091 0.288942
vt 0.384343 0.373307
vt 0.410249 0.483247
vt 0.414138 0.370692
vt 0.424026 0.457557
vt 0.424026 0.457557
vt 0.429073 0.218444
vt 0.441933 0.245955
vt 0.469981 0.365226
vt 0.473933 0.467839
vt 0.47838 0.513989
vt 0.479913 0.222794
vt 0.479913 0.222794
vt 0.480266 0.163423
vt 0.517778 0.238626
vt 0.520953 0.448105
vt 0.525878 0.359784
vt 0.529465 0.209019
vt 0.539366 0.47079
vt 0.555733 0.357051
vt 0.571127 0.357053
vt 0.574141 0.74585
vt 0.587553 0.470752
vt 0.597289 0.209045
vt 0.600976 0.359768
vt 0.605208 0.607247
vt 0.60595 0.448064
vt 0.60595 0.448064
vt 0.606668 0.883675
vt 0.608993 0.238638
vt 0.624072 0.745238
vt 0.630581 0.65448
vt 0.631539 0.835826
vt 0.646446 0.163425
vt 0.646838 0.222784
vt 0.64855 0.513907
vt 0.652972 0.467766
vt 0.656861 0.365175
vt 0.656861 0.365175
vt 0.673572 0.55505
vt 0.674032 0.641131
vt 0.674583 0.744622
vt 0.675127 0.848111
vt 0.675578 0.934189
vt 0.684824 0.245917
vt 0.697663 0.218403
vt 0.702863 0.457456
vt 0.712695 0.370606
vt 0.716653 0.483133
vt 0.71762 0.653413
vt 0.718582 0.834769
vt 0.725094 0.744006
vt 0.742485 0.373202
vt 0.742486 0.605563
vt 0.743951 0.882007
vt 0.770835 0.269893
vt 0.772143 0.245087
vt 0.773389 0.325969
vt 0.773939 0.235458
vt 0.774263 0.177339
vt 0.775026 0.743398
vt 0.778621 0.215612
vt 0.780343 0.132567
vt 0.786353 0.373306
vt 0.795433 0.276592
vt 0.797568 0.324072
vt 0.798299 0.129552
vt 0.798302 0.254181
vt 0.798454 0.177495
vt 0.800885 0.722539
vt 0.801224 0.237074
vt 0.802868 0.215165
vt 0.804334 0.373659
vt 0.820565 0.278823
vt 0.820565 0.278823
vt 0.820572 0.12216
vt 0.822063 0.173678
vt 0.82212 0.325655
vt 0.82212 0.325655
vt 0.823257 0.2566
vt 0.823257 0.2566
vt 0.825228 0.848829
vt 0.825256 0.240602
vt 0.825257 0.240602
vt 0.825893 0.217163
vt 0.82631 0.596733
vt 0.826714 0.377763
vt 0.836812 0.722892
vt 0.841671 0.0967217
vt 0.844285 0.810313
vt 0.845035 0.635622
vt 0.845407 0.286092
vt 0.846061 0.171143
vt 0.846114 0.399635
vt 0.847066 0.326997
vt 0.847292 0.0728414
vt 0.847678 0.131111
vt 0.847811 0.262143
vt 0.848364 0.217468
vt 0.848959 0.240637
vt 0.851506 0.365435
vt 0.851506 0.365435
vt 0.852153 0.423306
vt 0.870686 0.0661661
vt 0.870819 0.0939365
vt 0.870819 0.0939365
vt 0.870985 0.124638
vt 0.871324 0.169629
vt 0.871751 0.218943
vt 0.872029 0.241717
vt 0.872349 0.261266
vt 0.872763 0.285631
vt 0.873488 0.327014
vt 0.874304 0.370678
vt 0.875 0.401568
vt 0.875 0.401568
vt 0.875669 0.429319
vt 0.885373 0.898212
vt 0.885694 0.824829
vt 0.886133 0.723378
vt 0.886565 0.621922
vt 0.886875 0.548536
vt 0.894148 0.0725889
vt 0.894381 0.130686
vt 0.895043 0.24
vt 0.895044 0.24
vt 0.89508 0.216866
vt 0.896611 0.170598
vt 0.896865 0.364613
vt 0.896922 0.261423
vt 0.896922 0.261423
vt 0.89888 0.422212
vt 0.899902 0.326111
vt 0.899997 0.0963662
vt 0.900164 0.28522
vt 0.903771 0.39835
vt 0.917499 0.215979
vt 0.917499 0.215979
vt 0.918648 0.239263
vt 0.920658 0.172629
vt 0.920658 0.172629
vt 0.921344 0.121219
vt 0.921345 0.255098
vt 0.921985 0.376147
vt 0.924797 0.323959
vt 0.924851 0.277143
vt 0.924851 0.277143
vt 0.927225 0.811137
vt 0.927976 0.636433
vt 0.935454 0.723864
vt 0.940437 0.21353
vt 0.942376 0.235165
vt 0.943766 0.128194
vt 0.944183 0.371335
vt 0.944357 0.176027
vt 0.944357 0.176027
vt 0.945944 0.850031
vt 0.946431 0.251889
vt 0.946431 0.251889
vt 0.947029 0.597914
vt 0.949272 0.321635
vt 0.949272 0.321635
vt 0.950008 0.274206
vt 0.950008 0.274206
vt 0.96179 0.13093
vt 0.962135 0.370393
vt 0.96464 0.214254
vt 0.968541 0.175638
vt 0.969658 0.234518
vt 0.971381 0.72422
vt 0.972722 0.243541
vt 0.973517 0.322895
vt 0.974646 0.267499
vn -0.725764 2.92275e-007 0.687944
vn -0.557458 -0.672758 0.486455
vn 0 -0.750773 0.66056
vn -3.89309e-009 1.47938e-007 1
vn 0 0.750773 0.66056
vn -0.557458 0.672758 0.486454
vn -0.725764 2.92275e-007 0.687944
vn -3.89309e-009 1.47938e-007 1
vn 0.725764 2.92275e-007 0.687944
vn 0.557458 0.672758 0.486454
vn 0 0.750773 0.66056
vn -3.89309e-009 1.47938e-007 1
vn 0 -0.750773 0.66056
vn 0.557458 -0.672757 0.486455
vn 0.725764 2.92275e-007 0.687944
vn -3.89309e-009 1.47938e-007 1
vn -0.590066 -0.80698 -0.0246258
vn -0.427861 -0.61288 0.664314
vn -0.647959 -0.0195389 0.761424
vn -0.995863 -0.0840478 -0.0345303
vn -0.596355 -0.186492 -0.780757
vn -0.442612 -0.671482 -0.594312
vn -0.590066 -0.80698 -0.0246258
vn -0.995863 -0.0840478 -0.0345303
vn -0.682191 0.730239 -0.0369722
vn -0.5443 0.440222 -0.714103
vn -0.596355 -0.186492 -0.780757
vn -0.995863 -0.0840478 -0.0345303
vn -0.995863 -0.0840478 -0.0345303
vn -0.647959 -0.0195389 0.761424
vn -0.43548 0.543047 0.717953
vn -0.682191 0.730239 -0.0369722
vn -0.682191 0.730239 -0.0369722
vn -0.43548 0.543047 0.717953
vn 0 0.705256 0.708952
vn 0 0.999428 -0.0338268
vn -9.05093e-009 0.534113 -0.845413
vn -0.5443 0.440222 -0.714103
vn -0.682191 0.730239 -0.0369722
vn 0 0.999428 -0.0338268
vn 0.682191 0.730239 -0.0369722
vn 0.5443 0.440222 -0.714103
vn -9.05093e-009 0.534113 -0.845413
vn 0 0.999428 -0.0338268
vn 0 0.705256 0.708952
vn 0.43548 0.543047 0.717953
vn 0.682191 0.730239 -0.0369722
vn 0 0.999428 -0.0338268
vn 0.647959 -0.0195389 0.761424
vn 0.427861 -0.61288 0.664314
vn 0.590066 -0.80698 -0.0246258
vn 0.995863 -0.0840478 -0.0345303
vn 0.43548 0.543047 0.717953
vn 0.647959 -0.0195389 0.761424
vn 0.995863 -0.0840478 -0.0345303
vn 0.682191 0.730239 -0.0369722
vn 0.596355 -0.186492 -0.780757
vn 0.5443 0.440222 -0.714103
vn 0.682191 0.730239 -0.0369722
vn 0.995863 -0.0840478 -0.0345303
vn 0.590066 -0.80698 -0.0246258
vn 0.442612 -0.671482 -0.594312
vn 0.596355 -0.186492 -0.780757
vn 0.995863 -0.0840478 -0.0345303
vn -8.07168e-009 -0.789945 0.613178
vn -0.427861 -0.61288 0.664314
vn -0.590066 -0.80698 -0.0246258
vn -1.22546e-008 -0.999782 -0.0208629
vn 0.590066 -0.80698 -0.0246258
vn 0.427861 -0.61288 0.664314
vn -8.07168e-009 -0.789945 0.613178
vn -1.22546e-008 -0.999782 -0.0208629
vn -8.19464e-009 -0.741654 -0.670783
vn 0.442612 -0.671482 -0.594312
vn 0.590066 -0.80698 -0.0246258
vn -1.22546e-008 -0.999782 -0.0208629
vn -0.590066 -0.80698 -0.0246258
vn -0.442612 -0.671482 -0.594312
vn -8.19464e-009 -0.741654 -0.670783
vn -1.22546e-008 -0.999782 -0.0208629
vn -8.19464e-009 -0.741654 -0.670783
vn -0.442612 -0.671482 -0.594312
vn -0.596355 -0.186492 -0.780757
vn -7.9171e-009 -0.218761 -0.975779
vn 0.596355 -0.186492 -0.780757
vn 0.442612 -0.671482 -0.594312
vn -8.19464e-009 -0.741654 -0.670783
vn -7.9171e-009 -0.218761 -0.975779
vn -9.05093e-009 0.534113 -0.845413
vn 0.5443 0.440222 -0.714103
vn 0.596355 -0.186492 -0.780757
vn -7.9171e-009 -0.218761 -0.975779
vn -0.596355 -0.186492 -0.780757
vn -0.5443 0.440222 -0.714103
vn -9.05093e-009 0.534113 -0.845413
vn -7.9171e-009 -0.218761 -0.975779
vn -0.427861 -0.61288 0.664314
vn -0.295916 -0.455202 0.839777
vn -0.371418 -0.0186746 0.928278
vn -0.647959 -0.0195389 0.761424
vn -8.07168e-009 -0.789945 0.613178
vn -7.67085e-009 -0.610688 0.791871
vn -0.295916 -0.455202 0.839777
vn -0.427861 -0.61288 0.664314
vn -0.647959 -0.0195389 0.761424
vn -0.371418 -0.0186746 0.928278
vn -0.282307 0.348477 0.893793
vn -0.43548 0.543047 0.717953
vn -0.43548 0.543047 0.717953
vn -0.282307 0.348477 0.893793
vn 7.24647e-008 0.435225 0.900322
vn 0 0.705256 0.708952
vn 7.24647e-008 0.435225 0.900322
vn 0.282307 0.348478 0.893793
vn 0.43548 0.543047 0.717953
vn 0 0.705256 0.708952
vn 0.282307 0.348478 0.893793
vn 0.371418 -0.0186745 0.928278
vn 0.647959 -0.0195389 0.761424
vn 0.43548 0.543047 0.717953
vn 0.295916 -0.455202 0.839777
vn -7.67085e-009 -0.610688 0.791871
vn -8.07168e-009 -0.789945 0.613178
vn 0.427861 -0.61288 0.664314
vn 0.371418 -0.0186745 0.928278
vn 0.295916 -0.455202 0.839777
vn 0.427861 -0.61288 0.664314
vn 0.647959 -0.0195389 0.761424
vn -0.295916 -0.455202 0.839777
vn -0.589839 -0.711539 0.381841
vn -0.889443 -0.01323 0.456855
vn -0.371418 -0.0186746 0.928278
vn -7.67085e-009 -0.610688 0.791871
vn 0 -0.944956 0.327198
vn -0.589839 -0.711539 0.381841
vn -0.295916 -0.455202 0.839777
vn -0.371418 -0.0186746 0.928278
vn -0.889443 -0.01323 0.456855
vn -0.605856 0.663777 0.438563
vn -0.282307 0.348477 0.893793
vn -0.605856 0.663777 0.438563
vn 8.61991e-008 0.899738 0.436431
vn 7.24647e-008 0.435225 0.900322
vn -0.282307 0.348477 0.893793
vn 7.24647e-008 0.435225 0.900322
vn 8.61991e-008 0.899738 0.436431
vn 0.605857 0.663777 0.438563
vn 0.282307 0.348478 0.893793
vn 0.605857 0.663777 0.438563
vn 0.889443 -0.0132299 0.456855
vn 0.371418 -0.0186745 0.928278
vn 0.282307 0.348478 0.893793
vn 0.589839 -0.711539 0.381841
vn 0 -0.944956 0.327198
vn -7.67085e-009 -0.610688 0.791871
vn 0.295916 -0.455202 0.839777
vn 0.889443 -0.0132299 0.456855
vn 0.589839 -0.711539 0.381841
vn 0.295916 -0.455202 0.839777
vn 0.371418 -0.0186745 0.928278
vn -0.882578 2.47589e-007 -0.470167
vn -0.889443 -0.01323 0.456855
vn -0.589839 -0.711539 0.381841
vn -0.602862 -0.651675 -0.460301
vn -0.589839 -0.711539 0.381841
vn 0 -0.944956 0.327198
vn 0 -0.900022 -0.435845
vn -0.602862 -0.651675 -0.460301
vn -0.605856 0.663777 0.438563
vn -0.889443 -0.01323 0.456855
vn -0.882578 2.47589e-007 -0.470167
vn -0.602862 0.651675 -0.460302
vn 0 0.900022 -0.435845
vn 8.61991e-008 0.899738 0.436431
vn -0.605856 0.663777 0.438563
vn -0.602862 0.651675 -0.460302
vn 0.605857 0.663777 0.438563
vn 8.61991e-008 0.899738 0.436431
vn 0 0.900022 -0.435845
vn 0.602862 0.651675 -0.460302
vn 0.882578 2.31083e-007 -0.470167
vn 0.889443 -0.0132299 0.456855
vn 0.605857 0.663777 0.438563
vn 0.602862 0.651675 -0.460302
vn 0 -0.900022 -0.435845
vn 0 -0.944956 0.327198
vn 0.589839 -0.711539 0.381841
vn 0.602862 -0.651675 -0.460301
vn 0.589839 -0.711539 0.381841
vn 0.889443 -0.0132299 0.456855
vn 0.882578 2.31083e-007 -0.470167
vn 0.602862 -0.651675 -0.460301
vn -0.943046 2.9757e-007 -0.332664
vn -0.882578 2.47589e-007 -0.470167
vn -0.602862 -0.651675 -0.460301
vn -0.615515 -0.715218 -0.331065
vn -0.602862 -0.651675 -0.460301
vn 0 -0.900022 -0.435845
vn 4.15865e-009 -0.953351 -0.301864
vn -0.615515 -0.715218 -0.331065
vn -0.615515 0.715218 -0.331066
vn -0.602862 0.651675 -0.460302
vn -0.882578 2.47589e-007 -0.470167
vn -0.943046 2.9757e-007 -0.332664
vn 0 0.953351 -0.301864
vn 0 0.900022 -0.435845
vn -0.602862 0.651675 -0.460302
vn -0.615515 0.715218 -0.331066
vn 0.602862 0.651675 -0.460302
vn 0 0.900022 -0.435845
vn 0 0.953351 -0.301864
vn 0.615515 0.715218 -0.331066
vn 0.882578 2.31083e-007 -0.470167
vn 0.602862 0.651675 -0.460302
vn 0.615515 0.715218 -0.331066
vn 0.943046 2.9757e-007 -0.332663
vn 4.15865e-009 -0.953351 -0.301864
vn 0 -0.900022 -0.435845
vn 0.602862 -0.651675 -0.460301
vn 0.615515 -0.715218 -0.331065
vn 0.602862 -0.651675 -0.460301
vn 0.882578 2.31083e-007 -0.470167
vn 0.943046 2.9757e-007 -0.332663
vn 0.615515 -0.715218 -0.331065
vn -0.615515 -0.715218 -0.331065
vn -0.557458 -0.672758 0.486455
vn -0.725764 2.92275e-007 0.687944
vn -0.943046 2.9757e-007 -0.332664
vn -0.557458 -0.672758 0.486455
vn -0.615515 -0.715218 -0.331065
vn 4.15865e-009 -0.953351 -0.301864
vn 0 -0.750773 0.66056
vn -0.725764 2.92275e-007 0.687944
vn -0.557458 0.672758 0.486454
vn -0.615515 0.715218 -0.331066
vn -0.943046 2.9757e-007 -0.332664
vn 0 0.953351 -0.301864
vn -0.615515 0.715218 -0.331066
vn -0.557458 0.672758 0.486454
vn 0 0.750773 0.66056
vn 0.557458 0.672758 0.486454
vn 0.615515 0.715218 -0.331066
vn 0 0.953351 -0.301864
vn 0 0.750773 0.66056
vn 0.615515 0.715218 -0.331066
vn 0.557458 0.672758 0.486454
vn 0.725764 2.92275e-007 0.687944
vn 0.943046 2.9757e-007 -0.332663
vn 4.15865e-009 -0.953351 -0.301864
vn 0.615515 -0.715218 -0.331065
vn 0.557458 -0.672757 0.486455
vn 0 -0.750773 0.66056
vn 0.725764 2.92275e-007 0.687944
vn 0.557458 -0.672757 0.486455
vn 0.615515 -0.715218 -0.331065
vn 0.943046 2.9757e-007 -0.332663
vn -0.804456 0.0585963 0.591115
vn -0.626771 -0.633124 0.454216
vn -4.40571e-008 -0.804439 0.594036
vn -5.9502e-008 0.0578811 0.998324
vn -4.33974e-008 0.870691 0.491831
vn -0.575016 0.720933 0.386798
vn -0.804456 0.0585963 0.591115
vn -5.9502e-008 0.0578811 0.998324
vn 0.804456 0.0585963 0.591115
vn 0.575016 0.720933 0.386798
vn -4.33974e-008 0.870691 0.491831
vn -5.9502e-008 0.0578811 0.998324
vn -4.40571e-008 -0.804439 0.594036
vn 0.626771 -0.633124 0.454216
vn 0.804456 0.0585963 0.591115
vn -5.9502e-008 0.0578811 0.998324
vn -0.705491 -0.708719 -0
vn -0.626771 -0.633124 0.454216
vn -0.804456 0.0585963 0.591115
vn -0.998246 0.059202 -0
vn -0.804456 0.0585963 -0.591115
vn -0.626771 -0.633124 -0.454216
vn -0.705491 -0.708719 -0
vn -0.998246 0.059202 -0
vn -0.626401 0.779501 -0
vn -0.575016 0.720933 -0.386798
vn -0.804456 0.0585963 -0.591115
vn -0.998246 0.059202 -0
vn -0.804456 0.0585963 0.591115
vn -0.575016 0.720933 0.386798
vn -0.626401 0.779501 -0
vn -0.998246 0.059202 -0
vn -0.626401 0.779501 -0
vn -0.575016 0.720933 0.386798
vn -4.33974e-008 0.870691 0.491831
vn -3.12471e-008 1 -0
vn -4.33974e-008 0.870691 -0.491831
vn -0.575016 0.720933 -0.386798
vn -0.626401 0.779501 -0
vn -3.12471e-008 1 -0
vn 0.626401 0.779501 -0
vn 0.575016 0.720933 -0.386798
vn -4.33974e-008 0.870691 -0.491831
vn -3.12471e-008 1 -0
vn -4.33974e-008 0.870691 0.491831
vn 0.575016 0.720933 0.386798
vn 0.626401 0.779501 -0
vn -3.12471e-008 1 -0
vn 0.804456 0.0585963 0.591115
vn 0.626771 -0.633124 0.454216
vn 0.705491 -0.708719 -0
vn 0.998246 0.0592019 4.20863e-009
vn 0.626401 0.779501 -0
vn 0.575016 0.720933 0.386798
vn 0.804456 0.0585963 0.591115
vn 0.998246 0.0592019 4.20863e-009
vn 0.804456 0.0585963 -0.591115
vn 0.575016 0.720933 -0.386798
vn 0.626401 0.779501 -0
vn 0.998246 0.0592019 4.20863e-009
vn 0.705491 -0.708719 -0
vn 0.626771 -0.633124 -0.454216
vn 0.804456 0.0585963 -0.591115
vn 0.998246 0.0592019 4.20863e-009
vn -4.40571e-008 -0.804439 0.594036
vn -0.626771 -0.633124 0.454216
vn -0.705491 -0.708719 -0
vn -3.28831e-008 -1 -0
vn 0.705491 -0.708719 -0
vn 0.626771 -0.633124 0.454216
vn -4.40571e-008 -0.804439 0.594036
vn -3.28831e-008 -1 -0
vn -3.52457e-008 -0.804439 -0.594036
vn 0.626771 -0.633124 -0.454216
vn 0.705491 -0.708719 -0
vn -3.28831e-008 -1 -0
vn -0.705491 -0.708719 -0
vn -0.626771 -0.633124 -0.454216
vn -3.52457e-008 -0.804439 -0.594036
vn -3.28831e-008 -1 -0
vn -3.52457e-008 -0.804439 -0.594036
vn -0.626771 -0.633124 -0.454216
vn -0.804456 0.0585963 -0.591115
vn -4.9585e-008 0.0578811 -0.998323
vn 0.804456 0.0585963 -0.591115
vn 0.626771 -0.633124 -0.454216
vn -3.52457e-008 -0.804439 -0.594036
vn -4.9585e-008 0.0578811 -0.998323
vn -4.33974e-008 0.870691 -0.491831
vn 0.575016 0.720933 -0.386798
vn 0.804456 0.0585963 -0.591115
vn -4.9585e-008 0.0578811 -0.998323
vn -0.804456 0.0585963 -0.591115
vn -0.575016 0.720933 -0.386798
vn -4.33974e-008 0.870691 -0.491831
vn -4.9585e-008 0.0578811 -0.998323
vn -0.877123 -0.464219 -0.123109
vn -0.944023 0.0214313 -0.329182
vn -0.681433 0.0407065 -0.730747
vn -0.565402 -0.559193 -0.60632
vn -0.229529 -0.941664 -0.24614
vn -0.553186 -0.828188 0.0899383
vn -0.877123 -0.464219 -0.123109
vn -0.565402 -0.559193 -0.60632
vn -0.0616236 -0.464219 -0.883574
vn 0.128308 -0.828188 -0.545565
vn -0.229529 -0.941664 -0.24614
vn -0.565402 -0.559193 -0.60632
vn -0.681433 0.0407065 -0.730747
vn -0.262529 0.0214314 -0.964686
vn -0.0616236 -0.464219 -0.883574
vn -0.565402 -0.559193 -0.60632
vn -0.774879 0.612007 0.158148
vn -0.944023 0.0214313 -0.329182
vn -0.877123 -0.464219 -0.123109
vn -0.731354 8.74724e-008 0.681998
vn -0.877123 -0.464219 -0.123109
vn -0.553186 -0.828188 0.0899383
vn -0.211816 -0.612007 0.761959
vn -0.731354 8.74724e-008 0.681998
vn -0.211816 -0.612007 0.761959
vn -0.553186 -0.828188 0.0899383
vn -0.229529 -0.941664 -0.24614
vn 0.381369 -0.829038 0.408968
vn -0.229529 -0.941664 -0.24614
vn 0.128308 -0.828188 -0.545565
vn 0.774879 -0.612007 -0.158148
vn 0.381369 -0.829038 0.408968
vn -0.0616236 -0.464219 -0.883574
vn -0.262529 0.0214314 -0.964686
vn 0.211816 0.612007 -0.761959
vn 0.731354 1.11787e-007 -0.681998
vn 0.774879 -0.612007 -0.158148
vn 0.128308 -0.828188 -0.545565
vn -0.0616236 -0.464219 -0.883574
vn 0.731354 1.11787e-007 -0.681998
vn -0.681433 0.0407065 -0.730747
vn -0.944023 0.0214313 -0.329182
vn -0.774879 0.612007 0.158148
vn -0.381369 0.829038 -0.408968
vn 0.211816 0.612007 -0.761959
vn -0.262529 0.0214314 -0.964686
vn -0.681433 0.0407065 -0.730747
vn -0.381369 0.829038 -0.408968
vn 0.0616237 0.464219 0.883574
vn -0.128308 0.828188 0.545565
vn -0.774879 0.612007 0.158148
vn -0.731354 8.74724e-008 0.681998
vn -0.211816 -0.612007 0.761959
vn 0.262529 -0.021431 0.964686
vn 0.0616237 0.464219 0.883574
vn -0.731354 8.74724e-008 0.681998
vn 0.681433 -0.0407063 0.730747
vn 0.262529 -0.021431 0.964686
vn -0.211816 -0.612007 0.761959
vn 0.381369 -0.829038 0.408968
vn 0.774879 -0.612007 -0.158148
vn 0.944023 -0.0214311 0.329183
vn 0.681433 -0.0407063 0.730747
vn 0.381369 -0.829038 0.408968
vn 0.877123 0.464219 0.123109
vn 0.944023 -0.0214311 0.329183
vn 0.774879 -0.612007 -0.158148
vn 0.731354 1.11787e-007 -0.681998
vn 0.211816 0.612007 -0.761959
vn 0.553186 0.828188 -0.0899383
vn 0.877123 0.464219 0.123109
vn 0.731354 1.11787e-007 -0.681998
vn 0.229529 0.941664 0.24614
vn 0.553186 0.828188 -0.0899383
vn 0.211816 0.612007 -0.761959
vn -0.381369 0.829038 -0.408968
vn -0.774879 0.612007 0.158148
vn -0.128308 0.828188 0.545565
vn 0.229529 0.941664 0.24614
vn -0.381369 0.829038 -0.408968
vn 0.229529 0.941664 0.24614
vn -0.128308 0.828188 0.545565
vn 0.0616237 0.464219 0.883574
vn 0.565402 0.559193 0.60632
vn 0.877123 0.464219 0.123109
vn 0.553186 0.828188 -0.0899383
vn 0.229529 0.941664 0.24614
vn 0.565402 0.559193 0.60632
vn 0.681433 -0.0407063 0.730747
vn 0.944023 -0.0214311 0.329183
vn 0.877123 0.464219 0.123109
vn 0.565402 0.559193 0.60632
vn 0.0616237 0.464219 0.883574
vn 0.262529 -0.021431 0.964686
vn 0.681433 -0.0407063 0.730747
vn 0.565402 0.559193 0.60632
vn -0.0841186 -0.99382 0.0724258
vn -0.201941 -0.971227 -0.126243
vn -0.138158 -0.970626 -0.19697
vn 0.00354409 -0.999989 -0.00308691
vn 0.134379 -0.9706 0.199693
vn 0.0419143 -0.964109 0.262179
vn -0.0841186 -0.99382 0.0724258
vn 0.00354409 -0.999989 -0.00308691
vn 0.114391 -0.988447 -0.0994335
vn 0.227292 -0.970277 0.0830666
vn 0.134379 -0.9706 0.199693
vn 0.00354409 -0.999989 -0.00308691
vn -0.138158 -0.970626 -0.19697
vn -0.0361911 -0.968026 -0.248225
vn 0.114391 -0.988447 -0.0994335
vn 0.00354409 -0.999989 -0.00308691
vn -0.274985 -0.946476 -0.169015
vn -0.201941 -0.971227 -0.126243
vn -0.0841186 -0.99382 0.0724258
vn -0.14983 -0.980278 0.128866
vn -0.0841186 0.99382 0.0724258
vn -0.201941 0.971227 -0.126243
vn -0.274985 0.946476 -0.169015
vn -0.149831 0.980278 0.128866
vn 0.0551317 0.933493 0.354333
vn 0.0419144 0.964109 0.262179
vn -0.0841186 0.99382 0.0724258
vn -0.149831 0.980278 0.128866
vn -0.0841186 -0.99382 0.0724258
vn 0.0419143 -0.964109 0.262179
vn 0.0551316 -0.933493 0.354332
vn -0.14983 -0.980278 0.128866
vn 0.0551316 -0.933493 0.354332
vn 0.0419143 -0.964109 0.262179
vn 0.134379 -0.9706 0.199693
vn 0.225215 -0.911529 0.344082
vn 0.134379 0.9706 0.199693
vn 0.0419144 0.964109 0.262179
vn 0.0551317 0.933493 0.354333
vn 0.225215 0.911529 0.344082
vn 0.307066 0.945285 0.110216
vn 0.227292 0.970277 0.0830666
vn 0.134379 0.9706 0.199693
vn 0.225215 0.911529 0.344082
vn 0.134379 -0.9706 0.199693
vn 0.227292 -0.970277 0.0830666
vn 0.307066 -0.945285 0.110215
vn 0.225215 -0.911529 0.344082
vn 0.114391 -0.988447 -0.0994335
vn -0.0361911 -0.968026 -0.248225
vn -0.0476189 -0.941409 -0.333889
vn 0.201958 -0.963531 -0.175559
vn 0.307066 -0.945285 0.110215
vn 0.227292 -0.970277 0.0830666
vn 0.114391 -0.988447 -0.0994335
vn 0.201958 -0.963531 -0.175559
vn 0.114391 0.988447 -0.0994335
vn 0.227292 0.970277 0.0830666
vn 0.307066 0.945285 0.110216
vn 0.201958 0.963531 -0.175559
vn -0.0476189 0.941409 -0.333889
vn -0.0361912 0.968026 -0.248225
vn 0.114391 0.988447 -0.0994335
vn 0.201958 0.963531 -0.175559
vn -0.138158 -0.970626 -0.19697
vn -0.201941 -0.971227 -0.126243
vn -0.274985 -0.946476 -0.169015
vn -0.239489 -0.91232 -0.332141
vn -0.0476189 -0.941409 -0.333889
vn -0.0361911 -0.968026 -0.248225
vn -0.138158 -0.970626 -0.19697
vn -0.239489 -0.91232 -0.332141
vn -0.138158 0.970626 -0.19697
vn -0.0361912 0.968026 -0.248225
vn -0.0476189 0.941409 -0.333889
vn -0.239489 0.91232 -0.332141
vn -0.274985 0.946476 -0.169015
vn -0.201941 0.971227 -0.126243
vn -0.138158 0.970626 -0.19697
vn -0.239489 0.91232 -0.332141
vn -0.138158 0.970626 -0.19697
vn -0.201941 0.971227 -0.126243
vn -0.0841186 0.99382 0.0724258
vn 0.00354408 0.999989 -0.0030869
vn 0.114391 0.988447 -0.0994335
vn -0.0361912 0.968026 -0.248225
vn -0.138158 0.970626 -0.19697
vn 0.00354408 0.999989 -0.0030869
vn 0.134379 0.9706 0.199693
vn 0.227292 0.970277 0.0830666
vn 0.114391 0.988447 -0.0994335
vn 0.00354408 0.999989 -0.0030869
vn -0.0841186 0.99382 0.0724258
vn 0.0419144 0.964109 0.262179
vn 0.134379 0.9706 0.199693
vn 0.00354408 0.999989 -0.0030869
vn 0.642425 -0.649219 0.407192
vn 0.393064 -0.760165 0.517348
vn 0.054933 -0.9979 -0.0343261
vn 0.424854 -0.86546 -0.265478
vn 0.424854 -0.86546 -0.265478
vn 0.517721 -0.792028 -0.323508
vn 0.724342 -0.593231 0.351292
vn 0.642425 -0.649219 0.407192
vn 0.001791 -0.593231 -0.805031
vn 0.517721 -0.792028 -0.323508
vn 0.424854 -0.86546 -0.265478
vn -0.0843611 -0.649219 -0.755909
vn 0.054933 -0.9979 -0.0343261
vn -0.292682 -0.760165 -0.580075
vn -0.0843611 -0.649219 -0.755909
vn 0.424854 -0.86546 -0.265478
vn 0.107795 -0.249497 0.962357
vn 0.393064 -0.760165 0.517348
vn 0.642425 -0.649219 0.407192
vn 0.482682 -0.0273366 0.875369
vn 0.0470635 0.638907 0.767843
vn -0.210881 0.420682 0.882358
vn 0.107795 -0.249497 0.962357
vn 0.482682 -0.0273366 0.875369
vn 0.482682 -0.0273366 0.875369
vn 0.316465 0.151888 0.936365
vn 0.0784892 0.752632 0.653746
vn 0.0470635 0.638907 0.767843
vn 0.642425 -0.649219 0.407192
vn 0.239957 -0.532625 0.811623
vn 0.316465 0.151888 0.936365
vn 0.482682 -0.0273366 0.875369
vn -0.0843611 -0.649219 -0.755909
vn -0.292682 -0.760165 -0.580075
vn -0.817707 -0.249496 -0.518756
vn -0.575183 -0.0273364 -0.817568
vn -0.702871 0.151888 -0.694912
vn -0.624292 -0.532625 -0.571463
vn -0.0843611 -0.649219 -0.755909
vn -0.575183 -0.0273364 -0.817568
vn -0.553176 0.752632 -0.357129
vn -0.702871 0.151888 -0.694912
vn -0.575183 -0.0273364 -0.817568
vn -0.669501 0.638907 -0.378901
vn -0.817707 -0.249496 -0.518756
vn -0.885502 0.420682 -0.197262
vn -0.669501 0.638907 -0.378901
vn -0.575183 -0.0273364 -0.817568
vn 0.054933 -0.9979 -0.0343261
vn 0.393064 -0.760165 0.517348
vn 0.107795 -0.249497 0.962357
vn -0.413229 -0.718979 0.558848
vn -0.817707 -0.249496 -0.518756
vn -0.292682 -0.760165 -0.580075
vn 0.054933 -0.9979 -0.0343261
vn -0.683437 -0.718979 0.126425
vn -0.719716 0.528917 0.449728
vn -0.885502 0.420682 -0.197262
vn -0.817707 -0.249496 -0.518756
vn -0.923498 -0.265965 0.276432
vn 0.107795 -0.249497 0.962357
vn -0.210881 0.420682 0.882358
vn -0.719716 0.528917 0.449728
vn -0.65329 -0.265965 0.708854
vn -0.719716 0.528917 0.449728
vn -0.210881 0.420682 0.882358
vn 0.0470635 0.638907 0.767843
vn -0.390894 0.887434 0.244258
vn -0.669501 0.638907 -0.378901
vn -0.885502 0.420682 -0.197262
vn -0.719716 0.528917 0.449728
vn -0.390894 0.887434 0.244258
vn -0.245837 0.957061 0.153616
vn -0.553176 0.752632 -0.357129
vn -0.669501 0.638907 -0.378901
vn -0.390894 0.887434 0.244258
vn 0.0470635 0.638907 0.767843
vn 0.0784892 0.752632 0.653746
vn -0.245837 0.957061 0.153616
vn -0.390894 0.887434 0.244258
vn -0.181619 -0.310683 0.933001
vn -0.0271915 -0.514316 0.85717
vn -0.667358 -0.617036 0.417012
vn -0.77615 -0.402954 0.484993
vn -0.554115 -0.757012 0.34625
vn -0.0833538 -0.566819 0.819615
vn -0.181619 -0.310683 0.933001
vn -0.77615 -0.402954 0.484993
vn -0.918192 -0.310683 -0.245763
vn -0.773205 -0.566819 -0.284378
vn -0.554115 -0.757012 0.34625
vn -0.77615 -0.402954 0.484993
vn -0.667358 -0.617036 0.417012
vn -0.782339 -0.514317 -0.351319
vn -0.918192 -0.310683 -0.245763
vn -0.77615 -0.402954 0.484993
vn 0.672899 -0.180232 0.717442
vn -0.0271915 -0.514316 0.85717
vn -0.181619 -0.310683 0.933001
vn 0.54933 -0.0631757 0.833214
vn 0.956602 0.189981 0.220954
vn 0.98396 0.117066 0.134603
vn 0.672899 -0.180232 0.717442
vn 0.54933 -0.0631757 0.833214
vn 0.610812 -0.452105 0.650007
vn 0.984843 -0.0833058 0.152131
vn 0.956602 0.189981 0.220954
vn 0.54933 -0.0631757 0.833214
vn -0.181619 -0.310683 0.933001
vn -0.0833538 -0.566819 0.819615
vn 0.610812 -0.452105 0.650007
vn 0.54933 -0.0631757 0.833214
vn 0.610812 -0.452105 0.650007
vn -0.0833538 -0.566819 0.819615
vn -0.554115 -0.757012 0.34625
vn 0.206078 -0.963325 0.171862
vn 0.841358 -0.125359 -0.525739
vn 0.984843 -0.0833058 0.152131
vn 0.610812 -0.452105 0.650007
vn 0.629003 -0.771891 -0.0924113
vn -0.31646 -0.452105 -0.833939
vn 0.294993 -0.0833058 -0.951861
vn 0.841358 -0.125359 -0.525739
vn 0.358795 -0.77189 -0.524835
vn -0.554115 -0.757012 0.34625
vn -0.773205 -0.566819 -0.284378
vn -0.31646 -0.452105 -0.833939
vn -0.0641303 -0.963325 -0.260561
vn -0.918192 -0.310683 -0.245763
vn -0.782339 -0.514317 -0.351319
vn -0.349853 -0.180232 -0.919304
vn -0.508077 -0.0631756 -0.858992
vn -0.31646 -0.452105 -0.833939
vn -0.773205 -0.566819 -0.284378
vn -0.918192 -0.310683 -0.245763
vn -0.508077 -0.0631756 -0.858992
vn 0.220755 0.189981 -0.956647
vn 0.294993 -0.0833058 -0.951861
vn -0.31646 -0.452105 -0.833939
vn -0.508077 -0.0631756 -0.858992
vn -0.349853 -0.180232 -0.919304
vn 0.31036 0.117066 -0.943384
vn 0.220755 0.189981 -0.956647
vn -0.508077 -0.0631756 -0.858992
vn 0.824763 0.232723 -0.515369
vn 0.98396 0.117066 0.134603
vn 0.956602 0.189981 0.220954
vn 0.81058 0.293958 -0.506506
vn 0.220755 0.189981 -0.956647
vn 0.31036 0.117066 -0.943384
vn 0.824763 0.232723 -0.515369
vn 0.81058 0.293958 -0.506506
vn 0.841358 -0.125359 -0.525739
vn 0.294993 -0.0833058 -0.951861
vn 0.220755 0.189981 -0.956647
vn 0.81058 0.293958 -0.506506
vn 0.956602 0.189981 0.220954
vn 0.984843 -0.0833058 0.152131
vn 0.841358 -0.125359 -0.525739
vn 0.81058 0.293958 -0.506506
vn 0.295146 0.144037 0.944533
vn -0.213535 -0.376138 0.901622
vn 0.046266 -0.641181 0.765993
vn 0.676634 -0.192721 0.710651
vn 0.424935 0.734911 0.528523
vn 0.295146 0.144037 0.944533
vn 0.676634 -0.192721 0.710651
vn 0.949219 0.251288 0.189309
vn 0.949219 0.251288 0.189309
vn 0.766203 0.42861 -0.478776
vn 0.183728 0.97625 -0.114805
vn 0.424935 0.734911 0.528523
vn 0.183728 0.97625 -0.114805
vn 0.766203 0.42861 -0.478776
vn 0.245961 0.251288 -0.93614
vn -0.288753 0.734911 -0.613619
vn -0.342112 -0.192721 -0.919684
vn -0.719557 0.144037 -0.679332
vn -0.288753 0.734911 -0.613619
vn 0.245961 0.251288 -0.93614
vn -0.668188 -0.641182 -0.377373
vn -0.90398 -0.376138 -0.203321
vn -0.719557 0.144037 -0.679332
vn -0.342112 -0.192721 -0.919684
vn -0.534358 -0.776511 0.333904
vn -0.704661 -0.55639 0.440321
vn -0.90398 -0.376138 -0.203321
vn -0.668188 -0.641182 -0.377373
vn -0.213535 -0.376138 0.901622
vn -0.704661 -0.55639 0.440321
vn -0.534358 -0.776511 0.333904
vn 0.046266 -0.641181 0.765993
vn 0.316465 0.151888 0.936365
vn 0.0110386 -0.31077 0.950421
vn -0.213535 -0.376138 0.901622
vn 0.295146 0.144037 0.944533
vn 0.046266 -0.641181 0.765993
vn -0.0271915 -0.514316 0.85717
vn 0.672899 -0.180232 0.717442
vn 0.676634 -0.192721 0.710651
vn 0.0784892 0.752632 0.653746
vn 0.316465 0.151888 0.936365
vn 0.295146 0.144037 0.944533
vn 0.424935 0.734911 0.528523
vn 0.676634 -0.192721 0.710651
vn 0.672899 -0.180232 0.717442
vn 0.98396 0.117066 0.134603
vn 0.949219 0.251288 0.189309
vn -0.245837 0.957061 0.153616
vn 0.0784892 0.752632 0.653746
vn 0.424935 0.734911 0.528523
vn 0.183728 0.97625 -0.114805
vn 0.949219 0.251288 0.189309
vn 0.98396 0.117066 0.134603
vn 0.824763 0.232723 -0.515369
vn 0.766203 0.42861 -0.478776
vn -0.288753 0.734911 -0.613619
vn -0.553176 0.752632 -0.357129
vn -0.245837 0.957061 0.153616
vn 0.183728 0.97625 -0.114805
vn 0.824763 0.232723 -0.515369
vn 0.31036 0.117066 -0.943384
vn 0.245961 0.251288 -0.93614
vn 0.766203 0.42861 -0.478776
vn -0.719557 0.144037 -0.679332
vn -0.702871 0.151888 -0.694912
vn -0.553176 0.752632 -0.357129
vn -0.288753 0.734911 -0.613619
vn 0.31036 0.117066 -0.943384
vn -0.349853 -0.180232 -0.919304
vn -0.342112 -0.192721 -0.919684
vn 0.245961 0.251288 -0.93614
vn -0.90398 -0.376138 -0.203321
vn -0.849395 -0.310769 -0.426558
vn -0.702871 0.151888 -0.694912
vn -0.719557 0.144037 -0.679332
vn -0.349853 -0.180232 -0.919304
vn -0.782339 -0.514317 -0.351319
vn -0.668188 -0.641182 -0.377373
vn -0.342112 -0.192721 -0.919684
vn -0.704661 -0.55639 0.440321
vn -0.770307 -0.418255 0.481341
vn -0.849395 -0.310769 -0.426558
vn -0.90398 -0.376138 -0.203321
vn -0.782339 -0.514317 -0.351319
vn -0.667358 -0.617036 0.417012
vn -0.534358 -0.776511 0.333904
vn -0.668188 -0.641182 -0.377373
vn 0.0110386 -0.31077 0.950421
vn -0.770307 -0.418255 0.481341
vn -0.704661 -0.55639 0.440321
vn -0.213535 -0.376138 0.901622
vn -0.534358 -0.776511 0.333904
vn -0.667358 -0.617036 0.417012
vn -0.0271915 -0.514316 0.85717
vn 0.046266 -0.641181 0.765993
vn 0.681433 0.0407066 -0.730748
vn 0.944023 0.0214313 -0.329182
vn 0.877123 -0.464219 -0.123108
vn 0.565402 -0.559193 -0.60632
vn 0.877123 -0.464219 -0.123108
vn 0.553186 -0.828188 0.0899384
vn 0.229529 -0.941664 -0.24614
vn 0.565402 -0.559193 -0.60632
vn 0.229529 -0.941664 -0.24614
vn -0.128308 -0.828188 -0.545565
vn 0.0616235 -0.464219 -0.883574
vn 0.565402 -0.559193 -0.60632
vn 0.0616235 -0.464219 -0.883574
vn 0.262529 0.0214314 -0.964686
vn 0.681433 0.0407066 -0.730748
vn 0.565402 -0.559193 -0.60632
vn 0.877123 -0.464219 -0.123108
vn 0.944023 0.0214313 -0.329182
vn 0.774879 0.612007 0.158148
vn 0.731354 1.25427e-007 0.681998
vn 0.211816 -0.612007 0.761959
vn 0.553186 -0.828188 0.0899384
vn 0.877123 -0.464219 -0.123108
vn 0.731354 1.25427e-007 0.681998
vn 0.229529 -0.941664 -0.24614
vn 0.553186 -0.828188 0.0899384
vn 0.211816 -0.612007 0.761959
vn -0.381369 -0.829038 0.408968
vn -0.774879 -0.612007 -0.158148
vn -0.128308 -0.828188 -0.545565
vn 0.229529 -0.941664 -0.24614
vn -0.381369 -0.829038 0.408968
vn -0.211816 0.612007 -0.761959
vn 0.262529 0.0214314 -0.964686
vn 0.0616235 -0.464219 -0.883574
vn -0.731354 -1.69608e-007 -0.681998
vn 0.0616235 -0.464219 -0.883574
vn -0.128308 -0.828188 -0.545565
vn -0.774879 -0.612007 -0.158148
vn -0.731354 -1.69608e-007 -0.681998
vn 0.774879 0.612007 0.158148
vn 0.944023 0.0214313 -0.329182
vn 0.681433 0.0407066 -0.730748
vn 0.381368 0.829038 -0.408968
vn 0.681433 0.0407066 -0.730748
vn 0.262529 0.0214314 -0.964686
vn -0.211816 0.612007 -0.761959
vn 0.381368 0.829038 -0.408968
vn 0.774879 0.612007 0.158148
vn 0.128308 0.828188 0.545565
vn -0.0616237 0.464219 0.883574
vn 0.731354 1.25427e-007 0.681998
vn -0.0616237 0.464219 0.883574
vn -0.262529 -0.0214309 0.964686
vn 0.211816 -0.612007 0.761959
vn 0.731354 1.25427e-007 0.681998
vn 0.211816 -0.612007 0.761959
vn -0.262529 -0.0214309 0.964686
vn -0.681433 -0.0407062 0.730748
vn -0.381369 -0.829038 0.408968
vn -0.681433 -0.0407062 0.730748
vn -0.944023 -0.0214312 0.329183
vn -0.774879 -0.612007 -0.158148
vn -0.381369 -0.829038 0.408968
vn -0.774879 -0.612007 -0.158148
vn -0.944023 -0.0214312 0.329183
vn -0.877123 0.464219 0.123109
vn -0.731354 -1.69608e-007 -0.681998
vn -0.877123 0.464219 0.123109
vn -0.553186 0.828188 -0.0899385
vn -0.211816 0.612007 -0.761959
vn -0.731354 -1.69608e-007 -0.681998
vn -0.211816 0.612007 -0.761959
vn -0.553186 0.828188 -0.0899385
vn -0.229529 0.941664 0.24614
vn 0.381368 0.829038 -0.408968
vn -0.229529 0.941664 0.24614
vn 0.128308 0.828188 0.545565
vn 0.774879 0.612007 0.158148
vn 0.381368 0.829038 -0.408968
vn -0.0616237 0.464219 0.883574
vn 0.128308 0.828188 0.545565
vn -0.229529 0.941664 0.24614
vn -0.565402 0.559193 0.60632
vn -0.229529 0.941664 0.24614
vn -0.553186 0.828188 -0.0899385
vn -0.877123 0.464219 0.123109
vn -0.565402 0.559193 0.60632
vn -0.877123 0.464219 0.123109
vn -0.944023 -0.0214312 0.329183
vn -0.681433 -0.0407062 0.730748
vn -0.565402 0.559193 0.60632
vn -0.681433 -0.0407062 0.730748
vn -0.262529 -0.0214309 0.964686
vn -0.0616237 0.464219 0.883574
vn -0.565402 0.559193 0.60632
vn 0.138158 -0.970626 -0.19697
vn 0.201941 -0.971227 -0.126243
vn 0.0841186 -0.99382 0.0724258
vn -0.00354409 -0.999989 -0.00308691
vn 0.0841186 -0.99382 0.0724258
vn -0.0419143 -0.964109 0.262179
vn -0.134379 -0.9706 0.199693
vn -0.00354409 -0.999989 -0.00308691
vn -0.134379 -0.9706 0.199693
vn -0.227292 -0.970277 0.0830666
vn -0.114391 -0.988447 -0.0994335
vn -0.00354409 -0.999989 -0.00308691
vn -0.114391 -0.988447 -0.0994335
vn 0.0361911 -0.968026 -0.248225
vn 0.138158 -0.970626 -0.19697
vn -0.00354409 -0.999989 -0.00308691
vn 0.0841186 -0.99382 0.0724258
vn 0.201941 -0.971227 -0.126243
vn 0.274985 -0.946476 -0.169015
vn 0.14983 -0.980278 0.128866
vn 0.274985 0.946476 -0.169015
vn 0.201941 0.971227 -0.126243
vn 0.0841186 0.99382 0.0724258
vn 0.149831 0.980278 0.128866
vn 0.0841186 0.99382 0.0724258
vn -0.0419144 0.964109 0.262179
vn -0.0551317 0.933493 0.354333
vn 0.149831 0.980278 0.128866
vn -0.0551316 -0.933493 0.354332
vn -0.0419143 -0.964109 0.262179
vn 0.0841186 -0.99382 0.0724258
vn 0.14983 -0.980278 0.128866
vn -0.134379 -0.9706 0.199693
vn -0.0419143 -0.964109 0.262179
vn -0.0551316 -0.933493 0.354332
vn -0.225215 -0.911529 0.344082
vn -0.0551317 0.933493 0.354333
vn -0.0419144 0.964109 0.262179
vn -0.134379 0.9706 0.199693
vn -0.225215 0.911529 0.344082
vn -0.134379 0.9706 0.199693
vn -0.227292 0.970277 0.0830666
vn -0.307066 0.945285 0.110216
vn -0.225215 0.911529 0.344082
vn -0.307066 -0.945285 0.110215
vn -0.227292 -0.970277 0.0830666
vn -0.134379 -0.9706 0.199693
vn -0.225215 -0.911529 0.344082
vn 0.0476189 -0.941409 -0.333889
vn 0.0361911 -0.968026 -0.248225
vn -0.114391 -0.988447 -0.0994335
vn -0.201958 -0.963531 -0.175559
vn -0.114391 -0.988447 -0.0994335
vn -0.227292 -0.970277 0.0830666
vn -0.307066 -0.945285 0.110215
vn -0.201958 -0.963531 -0.175559
vn -0.307066 0.945285 0.110216
vn -0.227292 0.970277 0.0830666
vn -0.114391 0.988447 -0.0994335
vn -0.201958 0.963531 -0.175559
vn -0.114391 0.988447 -0.0994335
vn 0.0361912 0.968026 -0.248225
vn 0.0476189 0.941409 -0.333889
vn -0.201958 0.963531 -0.175559
vn 0.274985 -0.946476 -0.169015
vn 0.201941 -0.971227 -0.126243
vn 0.138158 -0.970626 -0.19697
vn 0.239489 -0.91232 -0.332141
vn 0.138158 -0.970626 -0.19697
vn 0.0361911 -0.968026 -0.248225
vn 0.0476189 -0.941409 -0.333889
vn 0.239489 -0.91232 -0.332141
vn 0.0476189 0.941409 -0.333889
vn 0.0361912 0.968026 -0.248225
vn 0.138158 0.970626 -0.19697
vn 0.239489 0.91232 -0.332141
vn 0.138158 0.970626 -0.19697
vn 0.201941 0.971227 -0.126243
vn 0.274985 0.946476 -0.169015
vn 0.239489 0.91232 -0.332141
vn 0.0841186 0.99382 0.0724258
vn 0.201941 0.971227 -0.126243
vn 0.138158 0.970626 -0.19697
vn -0.00354408 0.999989 -0.0030869
vn 0.138158 0.970626 -0.19697
vn 0.0361912 0.968026 -0.248225
vn -0.114391 0.988447 -0.0994335
vn -0.00354408 0.999989 -0.0030869
vn -0.114391 0.988447 -0.0994335
vn -0.227292 0.970277 0.0830666
vn -0.134379 0.9706 0.199693
vn -0.00354408 0.999989 -0.0030869
vn -0.134379 0.9706 0.199693
vn -0.0419144 0.964109 0.262179
vn 0.0841186 0.99382 0.0724258
vn -0.00354408 0.999989 -0.0030869
vn -0.0446841 -0.649219 0.759288
vn -0.261922 -0.760165 0.594597
vn 0.0566544 -0.9979 0.031404
vn 0.438165 -0.86546 0.242879
vn 0.438165 -0.86546 0.242879
vn 0.533942 -0.792028 0.295969
vn 0.0439208 -0.593231 0.803833
vn -0.0446841 -0.649219 0.759288
vn 0.704964 -0.593231 -0.38872
vn 0.533942 -0.792028 0.295969
vn 0.438165 -0.86546 0.242879
vn 0.620234 -0.649219 -0.440256
vn 0.0566544 -0.9979 0.031404
vn 0.36545 -0.760165 -0.537211
vn 0.620234 -0.649219 -0.440256
vn 0.438165 -0.86546 0.242879
vn -0.789437 -0.249496 0.56084
vn -0.261922 -0.760165 0.594597
vn -0.0446841 -0.649219 0.759288
vn -0.531606 -0.0273363 0.84655
vn -0.648754 0.638907 0.41342
vn -0.873965 0.420682 0.243335
vn -0.789437 -0.249496 0.56084
vn -0.531606 -0.0273363 0.84655
vn -0.531606 -0.0273363 0.84655
vn -0.665538 0.151888 0.730745
vn -0.533727 0.752633 0.385591
vn -0.648754 0.638907 0.41342
vn -0.0446841 -0.649219 0.759288
vn -0.593528 -0.532625 0.603353
vn -0.665538 0.151888 0.730745
vn -0.531606 -0.0273363 0.84655
vn 0.620234 -0.649219 -0.440256
vn 0.36545 -0.760165 -0.537211
vn 0.0572818 -0.249496 -0.96668
vn 0.436207 -0.0273364 -0.899431
vn 0.267026 0.151888 -0.951645
vn 0.197151 -0.532625 -0.823068
vn 0.620234 -0.649219 -0.440256
vn 0.436207 -0.0273364 -0.899431
vn 0.0441672 0.752632 -0.656958
vn 0.267026 0.151888 -0.951645
vn 0.436207 -0.0273364 -0.899431
vn 0.00681316 0.638907 -0.769254
vn 0.0572818 -0.249496 -0.96668
vn -0.256771 0.420682 -0.870112
vn 0.00681316 0.638907 -0.769254
vn 0.436207 -0.0273364 -0.899431
vn 0.0566544 -0.9979 0.031404
vn -0.261922 -0.760165 0.594597
vn -0.789437 -0.249496 0.56084
vn -0.689117 -0.718979 -0.0904835
vn 0.0572818 -0.249496 -0.96668
vn 0.36545 -0.760165 -0.537211
vn 0.0566544 -0.9979 0.031404
vn -0.44191 -0.718979 -0.536455
vn -0.742267 0.528917 -0.411445
vn -0.256771 0.420682 -0.870112
vn 0.0572818 -0.249496 -0.96668
vn -0.689493 -0.265965 -0.673693
vn -0.789437 -0.249496 0.56084
vn -0.873965 0.420682 0.243335
vn -0.742267 0.528917 -0.411445
vn -0.9367 -0.265965 -0.227721
vn -0.742267 0.528917 -0.411445
vn -0.873965 0.420682 0.243335
vn -0.648754 0.638907 0.41342
vn -0.403142 0.887434 -0.223465
vn 0.00681316 0.638907 -0.769254
vn -0.256771 0.420682 -0.870112
vn -0.742267 0.528917 -0.411445
vn -0.403142 0.887434 -0.223465
vn -0.253539 0.957061 -0.140539
vn 0.0441672 0.752632 -0.656958
vn 0.00681316 0.638907 -0.769254
vn -0.403142 0.887434 -0.223465
vn -0.648754 0.638907 0.41342
vn -0.533727 0.752633 0.385591
vn -0.253539 0.957061 -0.140539
vn -0.403142 0.887434 -0.223465
vn -0.904071 -0.310683 0.293481
vn -0.76288 -0.514316 0.391782
vn -0.688269 -0.617036 -0.381514
vn -0.80047 -0.402954 -0.443708
vn -0.571477 -0.757012 -0.316775
vn -0.757262 -0.566819 0.324454
vn -0.904071 -0.310683 0.293481
vn -0.80047 -0.402954 -0.443708
vn -0.230199 -0.310683 -0.922217
vn -0.126135 -0.566819 -0.814129
vn -0.571477 -0.757012 -0.316775
vn -0.80047 -0.402954 -0.443708
vn -0.688269 -0.617036 -0.381514
vn -0.0720146 -0.514316 -0.854572
vn -0.230199 -0.310683 -0.922217
vn -0.80047 -0.402954 -0.443708
vn -0.301261 -0.180232 0.936354
vn -0.76288 -0.514316 0.391782
vn -0.904071 -0.310683 0.293481
vn -0.462425 -0.0631756 0.884405
vn 0.270519 0.189981 0.943783
vn 0.359307 0.117066 0.925848
vn -0.301261 -0.180232 0.936354
vn -0.462425 -0.0631756 0.884405
vn -0.272381 -0.452105 0.849358
vn 0.344405 -0.0833056 0.935118
vn 0.270519 0.189981 0.943783
vn -0.462425 -0.0631756 0.884405
vn -0.904071 -0.310683 0.293481
vn -0.757262 -0.566819 0.324454
vn -0.272381 -0.452105 0.849358
vn -0.462425 -0.0631756 0.884405
vn -0.272381 -0.452105 0.849358
vn -0.757262 -0.566819 0.324454
vn -0.571477 -0.757012 -0.316775
vn -0.0504051 -0.963325 0.26356
vn 0.86772 -0.125359 0.480985
vn 0.344405 -0.0833056 0.935118
vn -0.272381 -0.452105 0.849358
vn 0.385772 -0.77189 0.505337
vn 0.575957 -0.452105 -0.681084
vn 0.975532 -0.0833057 -0.203465
vn 0.86772 -0.125359 0.480985
vn 0.632978 -0.77189 0.0593648
vn -0.571477 -0.757012 -0.316775
vn -0.126135 -0.566819 -0.814129
vn 0.575957 -0.452105 -0.681084
vn 0.196801 -0.963325 -0.182412
vn -0.230199 -0.310683 -0.922217
vn -0.0720146 -0.514316 -0.854572
vn 0.634429 -0.180232 -0.751676
vn 0.504971 -0.0631756 -0.860821
vn 0.575957 -0.452105 -0.681084
vn -0.126135 -0.566819 -0.814129
vn -0.230199 -0.310683 -0.922217
vn 0.504971 -0.0631756 -0.860821
vn 0.943727 0.189981 -0.270715
vn 0.975532 -0.0833057 -0.203465
vn 0.575957 -0.452105 -0.681084
vn 0.504971 -0.0631756 -0.860821
vn 0.634429 -0.180232 -0.751676
vn 0.975567 0.117066 -0.185915
vn 0.943727 0.189981 -0.270715
vn 0.504971 -0.0631756 -0.860821
vn 0.850605 0.232722 0.471498
vn 0.359307 0.117066 0.925848
vn 0.270519 0.189981 0.943783
vn 0.835977 0.293958 0.46339
vn 0.943727 0.189981 -0.270715
vn 0.975567 0.117066 -0.185915
vn 0.850605 0.232722 0.471498
vn 0.835977 0.293958 0.46339
vn 0.86772 -0.125359 0.480985
vn 0.975532 -0.0833057 -0.203465
vn 0.943727 0.189981 -0.270715
vn 0.835977 0.293958 0.46339
vn 0.270519 0.189981 0.943783
vn 0.344405 -0.0833056 0.935118
vn 0.86772 -0.125359 0.480985
vn 0.835977 0.293958 0.46339
vn -0.683017 0.144037 0.716059
vn -0.8921 -0.376138 0.250353
vn -0.647523 -0.641181 0.411826
vn -0.293511 -0.192721 0.936328
vn -0.256243 0.734911 0.62789
vn -0.683017 0.144037 0.716059
vn -0.293511 -0.192721 0.936328
vn 0.294617 0.251288 0.921984
vn 0.294617 0.251288 0.921984
vn 0.79021 0.42861 0.43802
vn 0.189484 0.97625 0.105033
vn -0.256243 0.734911 0.62789
vn 0.189484 0.97625 0.105033
vn 0.79021 0.42861 0.43802
vn 0.93801 0.251287 -0.238728
vn 0.396693 0.73491 -0.550038
vn 0.638514 -0.192721 -0.745089
vn 0.245309 0.144037 -0.958685
vn 0.396693 0.73491 -0.550038
vn 0.93801 0.251287 -0.238728
vn 0.00611361 -0.641181 -0.767365
vn -0.26043 -0.376138 -0.889211
vn 0.245309 0.144037 -0.958685
vn 0.638514 -0.192721 -0.745089
vn -0.551101 -0.776511 -0.30548
vn -0.72674 -0.556391 -0.402838
vn -0.26043 -0.376138 -0.889211
vn 0.00611361 -0.641181 -0.767365
vn -0.8921 -0.376138 0.250353
vn -0.72674 -0.556391 -0.402838
vn -0.551101 -0.776511 -0.30548
vn -0.647523 -0.641181 0.411826
vn -0.665538 0.151888 0.730745
vn -0.825905 -0.31077 0.470428
vn -0.8921 -0.376138 0.250353
vn -0.683017 0.144037 0.716059
vn -0.647523 -0.641181 0.411826
vn -0.76288 -0.514316 0.391782
vn -0.301261 -0.180232 0.936354
vn -0.293511 -0.192721 0.936328
vn -0.533727 0.752633 0.385591
vn -0.665538 0.151888 0.730745
vn -0.683017 0.144037 0.716059
vn -0.256243 0.734911 0.62789
vn -0.293511 -0.192721 0.936328
vn -0.301261 -0.180232 0.936354
vn 0.359307 0.117066 0.925848
vn 0.294617 0.251288 0.921984
vn -0.253539 0.957061 -0.140539
vn -0.533727 0.752633 0.385591
vn -0.256243 0.734911 0.62789
vn 0.189484 0.97625 0.105033
vn 0.294617 0.251288 0.921984
vn 0.359307 0.117066 0.925848
vn 0.850605 0.232722 0.471498
vn 0.79021 0.42861 0.43802
vn 0.396693 0.73491 -0.550038
vn 0.0441672 0.752632 -0.656958
vn -0.253539 0.957061 -0.140539
vn 0.189484 0.97625 0.105033
vn 0.850605 0.232722 0.471498
vn 0.975567 0.117066 -0.185915
vn 0.93801 0.251287 -0.238728
vn 0.79021 0.42861 0.43802
vn 0.245309 0.144037 -0.958685
vn 0.267026 0.151888 -0.951645
vn 0.0441672 0.752632 -0.656958
vn 0.396693 0.73491 -0.550038
vn 0.975567 0.117066 -0.185915
vn 0.634429 -0.180232 -0.751676
vn 0.638514 -0.192721 -0.745089
vn 0.93801 0.251287 -0.238728
vn -0.26043 -0.376138 -0.889211
vn -0.0387173 -0.31077 -0.949696
vn 0.267026 0.151888 -0.951645
vn 0.245309 0.144037 -0.958685
vn 0.634429 -0.180232 -0.751676
vn -0.0720146 -0.514316 -0.854572
vn 0.00611361 -0.641181 -0.767365
vn 0.638514 -0.192721 -0.745089
vn -0.72674 -0.556391 -0.402838
vn -0.794442 -0.418257 -0.440367
vn -0.0387173 -0.31077 -0.949696
vn -0.26043 -0.376138 -0.889211
vn -0.0720146 -0.514316 -0.854572
vn -0.688269 -0.617036 -0.381514
vn -0.551101 -0.776511 -0.30548
vn 0.00611361 -0.641181 -0.767365
vn -0.825905 -0.31077 0.470428
vn -0.794442 -0.418257 -0.440367
vn -0.72674 -0.556391 -0.402838
vn -0.8921 -0.376138 0.250353
vn -0.551101 -0.776511 -0.30548
vn -0.688269 -0.617036 -0.381514
vn -0.76288 -0.514316 0.391782
vn -0.647523 -0.641181 0.411826
vn 0.387544 -0.649219 0.654465
vn 0.115352 -0.760165 0.639408
vn 0.0645294 -0.9979 -0.00564574
vn 0.499072 -0.86546 -0.0436634
vn 0.499072 -0.86546 -0.0436634
vn 0.608162 -0.792028 -0.0532076
vn 0.48591 -0.593231 0.641848
vn 0.387544 -0.649219 0.654465
vn 0.367072 -0.593231 -0.716474
vn 0.608162 -0.792028 -0.0532076
vn 0.499072 -0.86546 -0.0436634
vn 0.268009 -0.649219 -0.711819
vn 0.0645294 -0.9979 -0.00564574
vn 0.00256714 -0.760165 -0.649725
vn 0.268009 -0.649219 -0.711819
vn 0.499072 -0.86546 -0.0436634
vn -0.340855 -0.249496 0.906405
vn 0.115352 -0.760165 0.639408
vn 0.387544 -0.649219 0.654465
vn 0.0326635 -0.0273362 0.999092
vn -0.306659 0.638907 0.705519
vn -0.588478 0.420682 0.690449
vn -0.340855 -0.249496 0.906405
vn 0.0326635 -0.0273362 0.999092
vn 0.0326635 -0.0273362 0.999092
vn -0.143128 0.151888 0.97798
vn -0.22686 0.752632 0.618125
vn -0.306659 0.638907 0.705519
vn 0.387544 -0.649219 0.654465
vn -0.154665 -0.532625 0.832099
vn -0.143128 0.151888 0.97798
vn 0.0326635 -0.0273362 0.999092
vn 0.268009 -0.649219 -0.711819
vn 0.00256714 -0.760165 -0.649725
vn -0.493072 -0.249496 -0.833446
vn -0.141323 -0.0273363 -0.989586
vn -0.310778 0.151888 -0.938268
vn -0.296808 -0.532625 -0.7926
vn 0.268009 -0.649219 -0.711819
vn -0.141323 -0.0273363 -0.989586
vn -0.33075 0.752632 -0.569341
vn -0.310778 0.151888 -0.938268
vn -0.141323 -0.0273363 -0.989586
vn -0.424513 0.638907 -0.64155
vn -0.493072 -0.249496 -0.833446
vn -0.699433 0.420682 -0.577771
vn -0.424513 0.638907 -0.64155
vn -0.141323 -0.0273363 -0.989586
vn 0.0645294 -0.9979 -0.00564574
vn 0.115352 -0.760165 0.639408
vn -0.340855 -0.249496 0.906405
vn -0.621901 -0.718979 0.310335
vn -0.493072 -0.249496 -0.833446
vn 0.00256714 -0.760165 -0.649725
vn 0.0645294 -0.9979 -0.00564574
vn -0.666342 -0.718979 -0.197628
vn -0.845444 0.528917 0.0739668
vn -0.699433 0.420682 -0.577771
vn -0.493072 -0.249496 -0.833446
vn -0.94834 -0.265965 -0.172957
vn -0.340855 -0.249496 0.906405
vn -0.588478 0.420682 0.690449
vn -0.845444 0.528917 0.0739668
vn -0.903899 -0.265965 0.335007
vn -0.845444 0.528917 0.0739668
vn -0.588478 0.420682 0.690449
vn -0.306659 0.638907 0.705519
vn -0.45918 0.887434 0.0401731
vn -0.424513 0.638907 -0.64155
vn -0.699433 0.420682 -0.577771
vn -0.845444 0.528917 0.0739668
vn -0.45918 0.887434 0.0401731
vn -0.288782 0.957061 0.0252652
vn -0.33075 0.752632 -0.569341
vn -0.424513 0.638907 -0.64155
vn -0.45918 0.887434 0.0401731
vn -0.306659 0.638907 0.705519
vn -0.22686 0.752632 0.618125
vn -0.288782 0.957061 0.0252652
vn -0.45918 0.887434 0.0401731
vn -0.585397 -0.310683 0.748857
vn -0.413374 -0.514316 0.751399
vn -0.78394 -0.617037 0.0685857
vn -0.911738 -0.402954 0.0797663
vn -0.650915 -0.757012 0.0569476
vn -0.446366 -0.566819 0.692441
vn -0.585397 -0.310683 0.748857
vn -0.911738 -0.402954 0.0797663
vn -0.706541 -0.310683 -0.635827
vn -0.559826 -0.566819 -0.60441
vn -0.650915 -0.757012 0.0569476
vn -0.911738 -0.402954 0.0797663
vn -0.78394 -0.617037 0.0685857
vn -0.537573 -0.514316 -0.668202
vn -0.706541 -0.310683 -0.635827
vn -0.911738 -0.402954 0.0797663
vn 0.273845 -0.180232 0.944735
vn -0.413374 -0.514316 0.751399
vn -0.585397 -0.310683 0.748857
vn 0.111185 -0.0631757 0.99179
vn 0.752027 0.189981 0.631159
vn 0.815606 0.117066 0.566641
vn 0.273845 -0.180232 0.944735
vn 0.111185 -0.0631757 0.99179
vn 0.249141 -0.452105 0.856464
vn 0.808436 -0.0833058 0.582659
vn 0.752027 0.189981 0.631159
vn 0.111185 -0.0631757 0.99179
vn -0.585397 -0.310683 0.748857
vn -0.446366 -0.566819 0.692441
vn 0.249141 -0.452105 0.856464
vn 0.111185 -0.0631757 0.99179
vn 0.249141 -0.452105 0.856464
vn -0.446366 -0.566819 0.692441
vn -0.650915 -0.757012 0.0569476
vn 0.105593 -0.963325 0.246688
vn 0.988336 -0.125359 -0.0864685
vn 0.808436 -0.0833058 0.582659
vn 0.249141 -0.452105 0.856464
vn 0.6024 -0.77189 0.203223
vn 0.0966322 -0.452105 -0.886715
vn 0.694976 -0.0833059 -0.714191
vn 0.988336 -0.125359 -0.0864685
vn 0.557959 -0.77189 -0.304741
vn -0.650915 -0.757012 0.0569476
vn -0.559826 -0.566819 -0.60441
vn 0.0966322 -0.452105 -0.886715
vn 0.0611522 -0.963325 -0.261276
vn -0.706541 -0.310683 -0.635827
vn -0.537573 -0.514316 -0.668202
vn 0.105633 -0.180232 -0.977936
vn -0.0627262 -0.0631758 -0.996029
vn 0.0966322 -0.452105 -0.886715
vn -0.559826 -0.566819 -0.60441
vn -0.706541 -0.310683 -0.635827
vn -0.0627262 -0.0631758 -0.996029
vn 0.631003 0.189981 -0.752159
vn 0.694976 -0.0833059 -0.714191
vn 0.0966322 -0.452105 -0.886715
vn -0.0627262 -0.0631758 -0.996029
vn 0.105633 -0.180232 -0.977936
vn 0.704819 0.117066 -0.699661
vn 0.631003 0.189981 -0.752159
vn -0.0627262 -0.0631758 -0.996029
vn 0.968842 0.232723 -0.0847628
vn 0.815606 0.117066 0.566641
vn 0.752027 0.189981 0.631159
vn 0.952181 0.293958 -0.0833052
vn 0.631003 0.189981 -0.752159
vn 0.704819 0.117066 -0.699661
vn 0.968842 0.232723 -0.0847628
vn 0.952181 0.293958 -0.0833052
vn 0.988336 -0.125359 -0.0864685
vn 0.694976 -0.0833059 -0.714191
vn 0.631003 0.189981 -0.752159
vn 0.952181 0.293958 -0.0833052
vn 0.752027 0.189981 0.631159
vn 0.808436 -0.0833058 0.582659
vn 0.988336 -0.125359 -0.0864685
vn 0.952181 0.293958 -0.0833052
vn -0.165831 0.144037 0.975578
vn -0.599589 -0.376138 0.706409
vn -0.30653 -0.641181 0.703509
vn 0.280256 -0.192721 0.94038
vn 0.138676 0.73491 0.663834
vn -0.165831 0.144037 0.975578
vn 0.280256 -0.192721 0.94038
vn 0.759816 0.251288 0.599612
vn 0.759816 0.251288 0.599612
vn 0.900052 0.42861 -0.0787444
vn 0.215824 0.97625 -0.0188821
vn 0.138676 0.73491 0.663834
vn 0.215824 0.97625 -0.0188821
vn 0.900052 0.42861 -0.0787444
vn 0.644151 0.251288 -0.722443
vn 0.0212962 0.73491 -0.67783
vn 0.112704 -0.192721 -0.97476
vn -0.332719 0.144037 -0.931961
vn 0.0212962 0.73491 -0.67783
vn 0.644151 0.251288 -0.722443
vn -0.424036 -0.641182 -0.639593
vn -0.713147 -0.376138 -0.591559
vn -0.332719 0.144037 -0.931961
vn 0.112704 -0.192721 -0.97476
vn -0.627705 -0.776511 0.0549172
vn -0.827759 -0.55639 0.0724196
vn -0.713147 -0.376138 -0.591559
vn -0.424036 -0.641182 -0.639593
vn -0.599589 -0.376138 0.706409
vn -0.827759 -0.55639 0.0724196
vn -0.627705 -0.776511 0.0549172
vn -0.30653 -0.641181 0.703509
vn -0.143128 0.151888 0.97798
vn -0.421646 -0.31077 0.851843
vn -0.599589 -0.376138 0.706409
vn -0.165831 0.144037 0.975578
vn -0.30653 -0.641181 0.703509
vn -0.413374 -0.514316 0.751399
vn 0.273845 -0.180232 0.944735
vn 0.280256 -0.192721 0.94038
vn -0.22686 0.752632 0.618125
vn -0.143128 0.151888 0.97798
vn -0.165831 0.144037 0.975578
vn 0.138676 0.73491 0.663834
vn 0.280256 -0.192721 0.94038
vn 0.273845 -0.180232 0.944735
vn 0.815606 0.117066 0.566641
vn 0.759816 0.251288 0.599612
vn -0.288782 0.957061 0.0252652
vn -0.22686 0.752632 0.618125
vn 0.138676 0.73491 0.663834
vn 0.215824 0.97625 -0.0188821
vn 0.759816 0.251288 0.599612
vn 0.815606 0.117066 0.566641
vn 0.968842 0.232723 -0.0847628
vn 0.900052 0.42861 -0.0787444
vn 0.0212962 0.73491 -0.67783
vn -0.33075 0.752632 -0.569341
vn -0.288782 0.957061 0.0252652
vn 0.215824 0.97625 -0.0188821
vn 0.968842 0.232723 -0.0847628
vn 0.704819 0.117066 -0.699661
vn 0.644151 0.251288 -0.722443
vn 0.900052 0.42861 -0.0787444
vn -0.332719 0.144037 -0.931961
vn -0.310778 0.151888 -0.938268
vn -0.33075 0.752632 -0.569341
vn 0.0212962 0.73491 -0.67783
vn 0.704819 0.117066 -0.699661
vn 0.105633 -0.180232 -0.977936
vn 0.112704 -0.192721 -0.97476
vn 0.644151 0.251288 -0.722443
vn -0.713147 -0.376138 -0.591559
vn -0.563162 -0.31077 -0.765684
vn -0.310778 0.151888 -0.938268
vn -0.332719 0.144037 -0.931961
vn 0.105633 -0.180232 -0.977936
vn -0.537573 -0.514316 -0.668202
vn -0.424036 -0.641182 -0.639593
vn 0.112704 -0.192721 -0.97476
vn -0.827759 -0.55639 0.0724196
vn -0.904872 -0.418257 0.0791661
vn -0.563162 -0.31077 -0.765684
vn -0.713147 -0.376138 -0.591559
vn -0.537573 -0.514316 -0.668202
vn -0.78394 -0.617037 0.0685857
vn -0.627705 -0.776511 0.0549172
vn -0.424036 -0.641182 -0.639593
vn -0.421646 -0.31077 0.851843
vn -0.904872 -0.418257 0.0791661
vn -0.827759 -0.55639 0.0724196
vn -0.599589 -0.376138 0.706409
vn -0.627705 -0.776511 0.0549172
vn -0.78394 -0.617037 0.0685857
vn -0.413374 -0.514316 0.751399
vn -0.30653 -0.641181 0.703509
vn -0.0549329 -0.9979 -0.0343263
vn -0.393064 -0.760165 0.517348
vn -0.642425 -0.649219 0.407192
vn -0.424853 -0.86546 -0.265478
vn -0.724342 -0.593231 0.351292
vn -0.51772 -0.792028 -0.323508
vn -0.424853 -0.86546 -0.265478
vn -0.642425 -0.649219 0.407192
vn -0.424853 -0.86546 -0.265478
vn -0.51772 -0.792028 -0.323508
vn -0.00179088 -0.593231 -0.80503
vn 0.0843611 -0.649219 -0.755909
vn 0.0843611 -0.649219 -0.755909
vn 0.292682 -0.760165 -0.580075
vn -0.0549329 -0.9979 -0.0343263
vn -0.424853 -0.86546 -0.265478
vn -0.642425 -0.649219 0.407192
vn -0.393064 -0.760165 0.517348
vn -0.107795 -0.249497 0.962357
vn -0.482682 -0.0273363 0.875369
vn -0.107795 -0.249497 0.962357
vn 0.210881 0.420682 0.882358
vn -0.0470635 0.638907 0.767843
vn -0.482682 -0.0273363 0.875369
vn -0.0784892 0.752632 0.653746
vn -0.316465 0.151888 0.936365
vn -0.482682 -0.0273363 0.875369
vn -0.0470635 0.638907 0.767843
vn -0.316465 0.151888 0.936365
vn -0.239956 -0.532625 0.811623
vn -0.642425 -0.649219 0.407192
vn -0.482682 -0.0273363 0.875369
vn 0.817707 -0.249496 -0.518756
vn 0.292682 -0.760165 -0.580075
vn 0.0843611 -0.649219 -0.755909
vn 0.575183 -0.0273365 -0.817568
vn 0.0843611 -0.649219 -0.755909
vn 0.624293 -0.532624 -0.571463
vn 0.70287 0.151888 -0.694912
vn 0.575183 -0.0273365 -0.817568
vn 0.575183 -0.0273365 -0.817568
vn 0.70287 0.151888 -0.694912
vn 0.553175 0.752633 -0.357129
vn 0.669501 0.638907 -0.378901
vn 0.669501 0.638907 -0.378901
vn 0.885502 0.420682 -0.197262
vn 0.817707 -0.249496 -0.518756
vn 0.575183 -0.0273365 -0.817568
vn -0.107795 -0.249497 0.962357
vn -0.393064 -0.760165 0.517348
vn -0.0549329 -0.9979 -0.0343263
vn 0.413229 -0.718979 0.558847
vn -0.0549329 -0.9979 -0.0343263
vn 0.292682 -0.760165 -0.580075
vn 0.817707 -0.249496 -0.518756
vn 0.683437 -0.718979 0.126425
vn 0.817707 -0.249496 -0.518756
vn 0.885502 0.420682 -0.197262
vn 0.719716 0.528917 0.449728
vn 0.923498 -0.265965 0.276432
vn 0.719716 0.528917 0.449728
vn 0.210881 0.420682 0.882358
vn -0.107795 -0.249497 0.962357
vn 0.65329 -0.265965 0.708854
vn -0.0470635 0.638907 0.767843
vn 0.210881 0.420682 0.882358
vn 0.719716 0.528917 0.449728
vn 0.390894 0.887434 0.244258
vn 0.719716 0.528917 0.449728
vn 0.885502 0.420682 -0.197262
vn 0.669501 0.638907 -0.378901
vn 0.390894 0.887434 0.244258
vn 0.669501 0.638907 -0.378901
vn 0.553175 0.752633 -0.357129
vn 0.245837 0.957061 0.153616
vn 0.390894 0.887434 0.244258
vn 0.245837 0.957061 0.153616
vn -0.0784892 0.752632 0.653746
vn -0.0470635 0.638907 0.767843
vn 0.390894 0.887434 0.244258
vn 0.667358 -0.617037 0.417012
vn 0.0271909 -0.514316 0.857169
vn 0.181618 -0.310683 0.933001
vn 0.77615 -0.402954 0.484993
vn 0.181618 -0.310683 0.933001
vn 0.0833533 -0.566819 0.819615
vn 0.554115 -0.757012 0.34625
vn 0.77615 -0.402954 0.484993
vn 0.554115 -0.757012 0.34625
vn 0.773205 -0.566819 -0.284378
vn 0.918192 -0.310683 -0.245763
vn 0.77615 -0.402954 0.484993
vn 0.918192 -0.310683 -0.245763
vn 0.782338 -0.514317 -0.351319
vn 0.667358 -0.617037 0.417012
vn 0.77615 -0.402954 0.484993
vn 0.181618 -0.310683 0.933001
vn 0.0271909 -0.514316 0.857169
vn -0.672899 -0.180232 0.717442
vn -0.54933 -0.0631755 0.833214
vn -0.672899 -0.180232 0.717442
vn -0.98396 0.117066 0.134603
vn -0.956601 0.189981 0.220954
vn -0.54933 -0.0631755 0.833214
vn -0.956601 0.189981 0.220954
vn -0.984843 -0.0833058 0.152131
vn -0.610812 -0.452105 0.650007
vn -0.54933 -0.0631755 0.833214
vn -0.610812 -0.452105 0.650007
vn 0.0833533 -0.566819 0.819615
vn 0.181618 -0.310683 0.933001
vn -0.54933 -0.0631755 0.833214
vn 0.554115 -0.757012 0.34625
vn 0.0833533 -0.566819 0.819615
vn -0.610812 -0.452105 0.650007
vn -0.206078 -0.963325 0.171862
vn -0.610812 -0.452105 0.650007
vn -0.984843 -0.0833058 0.152131
vn -0.841358 -0.125359 -0.525739
vn -0.629003 -0.77189 -0.0924113
vn -0.841358 -0.125359 -0.525739
vn -0.294993 -0.0833058 -0.951861
vn 0.31646 -0.452105 -0.833939
vn -0.358795 -0.77189 -0.524835
vn 0.31646 -0.452105 -0.833939
vn 0.773205 -0.566819 -0.284378
vn 0.554115 -0.757012 0.34625
vn 0.0641301 -0.963325 -0.260561
vn 0.349853 -0.180232 -0.919304
vn 0.782338 -0.514317 -0.351319
vn 0.918192 -0.310683 -0.245763
vn 0.508077 -0.0631756 -0.858992
vn 0.918192 -0.310683 -0.245763
vn 0.773205 -0.566819 -0.284378
vn 0.31646 -0.452105 -0.833939
vn 0.508077 -0.0631756 -0.858992
vn 0.31646 -0.452105 -0.833939
vn -0.294993 -0.0833058 -0.951861
vn -0.220755 0.189981 -0.956647
vn 0.508077 -0.0631756 -0.858992
vn -0.220755 0.189981 -0.956647
vn -0.310359 0.117066 -0.943384
vn 0.349853 -0.180232 -0.919304
vn 0.508077 -0.0631756 -0.858992
vn -0.956601 0.189981 0.220954
vn -0.98396 0.117066 0.134603
vn -0.824763 0.232723 -0.515369
vn -0.81058 0.293958 -0.506506
vn -0.824763 0.232723 -0.515369
vn -0.310359 0.117066 -0.943384
vn -0.220755 0.189981 -0.956647
vn -0.81058 0.293958 -0.506506
vn -0.220755 0.189981 -0.956647
vn -0.294993 -0.0833058 -0.951861
vn -0.841358 -0.125359 -0.525739
vn -0.81058 0.293958 -0.506506
vn -0.841358 -0.125359 -0.525739
vn -0.984843 -0.0833058 0.152131
vn -0.956601 0.189981 0.220954
vn -0.81058 0.293958 -0.506506
vn -0.0462666 -0.641182 0.765993
vn 0.213535 -0.376138 0.901622
vn -0.295146 0.144037 0.944533
vn -0.676634 -0.192721 0.710651
vn -0.676634 -0.192721 0.710651
vn -0.295146 0.144037 0.944533
vn -0.424935 0.734911 0.528523
vn -0.949219 0.251288 0.18931
vn -0.183727 0.97625 -0.114805
vn -0.766202 0.42861 -0.478776
vn -0.949219 0.251288 0.18931
vn -0.424935 0.734911 0.528523
vn -0.24596 0.251288 -0.93614
vn -0.766202 0.42861 -0.478776
vn -0.183727 0.97625 -0.114805
vn 0.288753 0.734911 -0.613618
vn 0.288753 0.734911 -0.613618
vn 0.719557 0.144037 -0.679331
vn 0.342112 -0.192721 -0.919684
vn -0.24596 0.251288 -0.93614
vn 0.719557 0.144037 -0.679331
vn 0.903981 -0.376137 -0.20332
vn 0.668188 -0.641182 -0.377373
vn 0.342112 -0.192721 -0.919684
vn 0.903981 -0.376137 -0.20332
vn 0.704662 -0.556389 0.440322
vn 0.534357 -0.776512 0.333904
vn 0.668188 -0.641182 -0.377373
vn 0.534357 -0.776512 0.333904
vn 0.704662 -0.556389 0.440322
vn 0.213535 -0.376138 0.901622
vn -0.0462666 -0.641182 0.765993
vn 0.213535 -0.376138 0.901622
vn -0.011038 -0.310769 0.950422
vn -0.316465 0.151888 0.936365
vn -0.295146 0.144037 0.944533
vn -0.672899 -0.180232 0.717442
vn 0.0271909 -0.514316 0.857169
vn -0.0462666 -0.641182 0.765993
vn -0.676634 -0.192721 0.710651
vn -0.295146 0.144037 0.944533
vn -0.316465 0.151888 0.936365
vn -0.0784892 0.752632 0.653746
vn -0.424935 0.734911 0.528523
vn -0.98396 0.117066 0.134603
vn -0.672899 -0.180232 0.717442
vn -0.676634 -0.192721 0.710651
vn -0.949219 0.251288 0.18931
vn -0.424935 0.734911 0.528523
vn -0.0784892 0.752632 0.653746
vn 0.245837 0.957061 0.153616
vn -0.183727 0.97625 -0.114805
vn -0.824763 0.232723 -0.515369
vn -0.98396 0.117066 0.134603
vn -0.949219 0.251288 0.18931
vn -0.766202 0.42861 -0.478776
vn 0.245837 0.957061 0.153616
vn 0.553175 0.752633 -0.357129
vn 0.288753 0.734911 -0.613618
vn -0.183727 0.97625 -0.114805
vn -0.24596 0.251288 -0.93614
vn -0.310359 0.117066 -0.943384
vn -0.824763 0.232723 -0.515369
vn -0.766202 0.42861 -0.478776
vn 0.553175 0.752633 -0.357129
vn 0.70287 0.151888 -0.694912
vn 0.719557 0.144037 -0.679331
vn 0.288753 0.734911 -0.613618
vn 0.342112 -0.192721 -0.919684
vn 0.349853 -0.180232 -0.919304
vn -0.310359 0.117066 -0.943384
vn -0.24596 0.251288 -0.93614
vn 0.70287 0.151888 -0.694912
vn 0.849395 -0.310768 -0.426557
vn 0.903981 -0.376137 -0.20332
vn 0.719557 0.144037 -0.679331
vn 0.668188 -0.641182 -0.377373
vn 0.782338 -0.514317 -0.351319
vn 0.349853 -0.180232 -0.919304
vn 0.342112 -0.192721 -0.919684
vn 0.849395 -0.310768 -0.426557
vn 0.770308 -0.418252 0.481342
vn 0.704662 -0.556389 0.440322
vn 0.903981 -0.376137 -0.20332
vn 0.534357 -0.776512 0.333904
vn 0.667358 -0.617037 0.417012
vn 0.782338 -0.514317 -0.351319
vn 0.668188 -0.641182 -0.377373
vn 0.704662 -0.556389 0.440322
vn 0.770308 -0.418252 0.481342
vn -0.011038 -0.310769 0.950422
vn 0.213535 -0.376138 0.901622
vn 0.0271909 -0.514316 0.857169
vn 0.667358 -0.617037 0.417012
vn 0.534357 -0.776512 0.333904
vn -0.0462666 -0.641182 0.765993
vn -0.0566544 -0.9979 0.0314039
vn 0.261922 -0.760165 0.594598
vn 0.0446843 -0.649219 0.759288
vn -0.438166 -0.86546 0.242879
vn -0.0439207 -0.593231 0.803834
vn -0.533942 -0.792028 0.295969
vn -0.438166 -0.86546 0.242879
vn 0.0446843 -0.649219 0.759288
vn -0.438166 -0.86546 0.242879
vn -0.533942 -0.792028 0.295969
vn -0.704964 -0.593231 -0.38872
vn -0.620234 -0.649219 -0.440256
vn -0.620234 -0.649219 -0.440256
vn -0.36545 -0.760165 -0.537211
vn -0.0566544 -0.9979 0.0314039
vn -0.438166 -0.86546 0.242879
vn 0.0446843 -0.649219 0.759288
vn 0.261922 -0.760165 0.594598
vn 0.789437 -0.249496 0.56084
vn 0.531606 -0.0273363 0.846551
vn 0.789437 -0.249496 0.56084
vn 0.873965 0.420682 0.243335
vn 0.648754 0.638907 0.41342
vn 0.531606 -0.0273363 0.846551
vn 0.533727 0.752632 0.385591
vn 0.665538 0.151888 0.730745
vn 0.531606 -0.0273363 0.846551
vn 0.648754 0.638907 0.41342
vn 0.665538 0.151888 0.730745
vn 0.593528 -0.532625 0.603353
vn 0.0446843 -0.649219 0.759288
vn 0.531606 -0.0273363 0.846551
vn -0.0572818 -0.249496 -0.96668
vn -0.36545 -0.760165 -0.537211
vn -0.620234 -0.649219 -0.440256
vn -0.436207 -0.0273364 -0.899431
vn -0.620234 -0.649219 -0.440256
vn -0.197151 -0.532625 -0.823068
vn -0.267026 0.151888 -0.951645
vn -0.436207 -0.0273364 -0.899431
vn -0.436207 -0.0273364 -0.899431
vn -0.267026 0.151888 -0.951645
vn -0.0441672 0.752632 -0.656958
vn -0.00681311 0.638907 -0.769254
vn -0.00681311 0.638907 -0.769254
vn 0.256771 0.420682 -0.870112
vn -0.0572818 -0.249496 -0.96668
vn -0.436207 -0.0273364 -0.899431
vn 0.789437 -0.249496 0.56084
vn 0.261922 -0.760165 0.594598
vn -0.0566544 -0.9979 0.0314039
vn 0.689117 -0.718979 -0.0904835
vn -0.0566544 -0.9979 0.0314039
vn -0.36545 -0.760165 -0.537211
vn -0.0572818 -0.249496 -0.96668
vn 0.44191 -0.718979 -0.536455
vn -0.0572818 -0.249496 -0.96668
vn 0.256771 0.420682 -0.870112
vn 0.742266 0.528917 -0.411445
vn 0.689493 -0.265965 -0.673693
vn 0.742266 0.528917 -0.411445
vn 0.873965 0.420682 0.243335
vn 0.789437 -0.249496 0.56084
vn 0.9367 -0.265965 -0.227721
vn 0.648754 0.638907 0.41342
vn 0.873965 0.420682 0.243335
vn 0.742266 0.528917 -0.411445
vn 0.403142 0.887434 -0.223465
vn 0.742266 0.528917 -0.411445
vn 0.256771 0.420682 -0.870112
vn -0.00681311 0.638907 -0.769254
vn 0.403142 0.887434 -0.223465
vn -0.00681311 0.638907 -0.769254
vn -0.0441672 0.752632 -0.656958
vn 0.253539 0.957061 -0.140539
vn 0.403142 0.887434 -0.223465
vn 0.253539 0.957061 -0.140539
vn 0.533727 0.752632 0.385591
vn 0.648754 0.638907 0.41342
vn 0.403142 0.887434 -0.223465
vn 0.688268 -0.617036 -0.381514
vn 0.76288 -0.514316 0.391782
vn 0.904071 -0.310683 0.293481
vn 0.80047 -0.402954 -0.443708
vn 0.904071 -0.310683 0.293481
vn 0.757262 -0.566819 0.324454
vn 0.571477 -0.757012 -0.316775
vn 0.80047 -0.402954 -0.443708
vn 0.571477 -0.757012 -0.316775
vn 0.126135 -0.566819 -0.814129
vn 0.230199 -0.310683 -0.922217
vn 0.80047 -0.402954 -0.443708
vn 0.230199 -0.310683 -0.922217
vn 0.0720146 -0.514316 -0.854572
vn 0.688268 -0.617036 -0.381514
vn 0.80047 -0.402954 -0.443708
vn 0.904071 -0.310683 0.293481
vn 0.76288 -0.514316 0.391782
vn 0.301261 -0.180232 0.936354
vn 0.462425 -0.0631756 0.884405
vn 0.301261 -0.180232 0.936354
vn -0.359307 0.117066 0.925848
vn -0.270519 0.189981 0.943783
vn 0.462425 -0.0631756 0.884405
vn -0.270519 0.189981 0.943783
vn -0.344405 -0.0833056 0.935118
vn 0.272381 -0.452105 0.849358
vn 0.462425 -0.0631756 0.884405
vn 0.272381 -0.452105 0.849358
vn 0.757262 -0.566819 0.324454
vn 0.904071 -0.310683 0.293481
vn 0.462425 -0.0631756 0.884405
vn 0.571477 -0.757012 -0.316775
vn 0.757262 -0.566819 0.324454
vn 0.272381 -0.452105 0.849358
vn 0.0504051 -0.963325 0.26356
vn 0.272381 -0.452105 0.849358
vn -0.344405 -0.0833056 0.935118
vn -0.86772 -0.125359 0.480985
vn -0.385772 -0.77189 0.505337
vn -0.86772 -0.125359 0.480985
vn -0.975532 -0.0833055 -0.203465
vn -0.575957 -0.452105 -0.681084
vn -0.632978 -0.77189 0.0593652
vn -0.575957 -0.452105 -0.681084
vn 0.126135 -0.566819 -0.814129
vn 0.571477 -0.757012 -0.316775
vn -0.196801 -0.963325 -0.182412
vn -0.634429 -0.180232 -0.751676
vn 0.0720146 -0.514316 -0.854572
vn 0.230199 -0.310683 -0.922217
vn -0.504971 -0.0631753 -0.860821
vn 0.230199 -0.310683 -0.922217
vn 0.126135 -0.566819 -0.814129
vn -0.575957 -0.452105 -0.681084
vn -0.504971 -0.0631753 -0.860821
vn -0.575957 -0.452105 -0.681084
vn -0.975532 -0.0833055 -0.203465
vn -0.943727 0.189981 -0.270715
vn -0.504971 -0.0631753 -0.860821
vn -0.943727 0.189981 -0.270715
vn -0.975567 0.117066 -0.185915
vn -0.634429 -0.180232 -0.751676
vn -0.504971 -0.0631753 -0.860821
vn -0.270519 0.189981 0.943783
vn -0.359307 0.117066 0.925848
vn -0.850606 0.232722 0.471498
vn -0.835978 0.293958 0.46339
vn -0.850606 0.232722 0.471498
vn -0.975567 0.117066 -0.185915
vn -0.943727 0.189981 -0.270715
vn -0.835978 0.293958 0.46339
vn -0.943727 0.189981 -0.270715
vn -0.975532 -0.0833055 -0.203465
vn -0.86772 -0.125359 0.480985
vn -0.835978 0.293958 0.46339
vn -0.86772 -0.125359 0.480985
vn -0.344405 -0.0833056 0.935118
vn -0.270519 0.189981 0.943783
vn -0.835978 0.293958 0.46339
vn 0.647522 -0.641182 0.411826
vn 0.892101 -0.376138 0.250353
vn 0.683017 0.144037 0.716059
vn 0.293511 -0.192721 0.936328
vn 0.293511 -0.192721 0.936328
vn 0.683017 0.144037 0.716059
vn 0.256243 0.734911 0.62789
vn -0.294617 0.251287 0.921984
vn -0.189484 0.97625 0.105033
vn -0.79021 0.42861 0.43802
vn -0.294617 0.251287 0.921984
vn 0.256243 0.734911 0.62789
vn -0.93801 0.251287 -0.238728
vn -0.79021 0.42861 0.43802
vn -0.189484 0.97625 0.105033
vn -0.396693 0.734911 -0.550038
vn -0.396693 0.734911 -0.550038
vn -0.245309 0.144037 -0.958685
vn -0.638514 -0.192721 -0.74509
vn -0.93801 0.251287 -0.238728
vn -0.245309 0.144037 -0.958685
vn 0.26043 -0.376138 -0.889211
vn -0.00611361 -0.641181 -0.767365
vn -0.638514 -0.192721 -0.74509
vn 0.26043 -0.376138 -0.889211
vn 0.72674 -0.55639 -0.402839
vn 0.551101 -0.776511 -0.305481
vn -0.00611361 -0.641181 -0.767365
vn 0.551101 -0.776511 -0.305481
vn 0.72674 -0.55639 -0.402839
vn 0.892101 -0.376138 0.250353
vn 0.647522 -0.641182 0.411826
vn 0.892101 -0.376138 0.250353
vn 0.825906 -0.310769 0.470428
vn 0.665538 0.151888 0.730745
vn 0.683017 0.144037 0.716059
vn 0.301261 -0.180232 0.936354
vn 0.76288 -0.514316 0.391782
vn 0.647522 -0.641182 0.411826
vn 0.293511 -0.192721 0.936328
vn 0.683017 0.144037 0.716059
vn 0.665538 0.151888 0.730745
vn 0.533727 0.752632 0.385591
vn 0.256243 0.734911 0.62789
vn -0.359307 0.117066 0.925848
vn 0.301261 -0.180232 0.936354
vn 0.293511 -0.192721 0.936328
vn -0.294617 0.251287 0.921984
vn 0.256243 0.734911 0.62789
vn 0.533727 0.752632 0.385591
vn 0.253539 0.957061 -0.140539
vn -0.189484 0.97625 0.105033
vn -0.850606 0.232722 0.471498
vn -0.359307 0.117066 0.925848
vn -0.294617 0.251287 0.921984
vn -0.79021 0.42861 0.43802
vn 0.253539 0.957061 -0.140539
vn -0.0441672 0.752632 -0.656958
vn -0.396693 0.734911 -0.550038
vn -0.189484 0.97625 0.105033
vn -0.93801 0.251287 -0.238728
vn -0.975567 0.117066 -0.185915
vn -0.850606 0.232722 0.471498
vn -0.79021 0.42861 0.43802
vn -0.0441672 0.752632 -0.656958
vn -0.267026 0.151888 -0.951645
vn -0.245309 0.144037 -0.958685
vn -0.396693 0.734911 -0.550038
vn -0.638514 -0.192721 -0.74509
vn -0.634429 -0.180232 -0.751676
vn -0.975567 0.117066 -0.185915
vn -0.93801 0.251287 -0.238728
vn -0.267026 0.151888 -0.951645
vn 0.0387173 -0.31077 -0.949696
vn 0.26043 -0.376138 -0.889211
vn -0.245309 0.144037 -0.958685
vn -0.00611361 -0.641181 -0.767365
vn 0.0720146 -0.514316 -0.854572
vn -0.634429 -0.180232 -0.751676
vn -0.638514 -0.192721 -0.74509
vn 0.0387173 -0.31077 -0.949696
vn 0.794442 -0.418257 -0.440367
vn 0.72674 -0.55639 -0.402839
vn 0.26043 -0.376138 -0.889211
vn 0.551101 -0.776511 -0.305481
vn 0.688268 -0.617036 -0.381514
vn 0.0720146 -0.514316 -0.854572
vn -0.00611361 -0.641181 -0.767365
vn 0.72674 -0.55639 -0.402839
vn 0.794442 -0.418257 -0.440367
vn 0.825906 -0.310769 0.470428
vn 0.892101 -0.376138 0.250353
vn 0.76288 -0.514316 0.391782
vn 0.688268 -0.617036 -0.381514
vn 0.551101 -0.776511 -0.305481
vn 0.647522 -0.641182 0.411826
vn -0.0645294 -0.9979 -0.0056455
vn -0.115352 -0.760165 0.639408
vn -0.387544 -0.649219 0.654465
vn -0.499072 -0.86546 -0.043663
vn -0.48591 -0.593231 0.641848
vn -0.608162 -0.792028 -0.0532071
vn -0.499072 -0.86546 -0.043663
vn -0.387544 -0.649219 0.654465
vn -0.499072 -0.86546 -0.043663
vn -0.608162 -0.792028 -0.0532071
vn -0.367072 -0.593231 -0.716474
vn -0.268009 -0.649219 -0.711819
vn -0.268009 -0.649219 -0.711819
vn -0.00256714 -0.760165 -0.649725
vn -0.0645294 -0.9979 -0.0056455
vn -0.499072 -0.86546 -0.043663
vn -0.387544 -0.649219 0.654465
vn -0.115352 -0.760165 0.639408
vn 0.340855 -0.249496 0.906405
vn -0.0326635 -0.0273363 0.999093
vn 0.340855 -0.249496 0.906405
vn 0.588478 0.420682 0.690449
vn 0.306659 0.638907 0.705519
vn -0.0326635 -0.0273363 0.999093
vn 0.22686 0.752632 0.618125
vn 0.143129 0.151888 0.97798
vn -0.0326635 -0.0273363 0.999093
vn 0.306659 0.638907 0.705519
vn 0.143129 0.151888 0.97798
vn 0.154666 -0.532625 0.832099
vn -0.387544 -0.649219 0.654465
vn -0.0326635 -0.0273363 0.999093
vn 0.493072 -0.249496 -0.833446
vn -0.00256714 -0.760165 -0.649725
vn -0.268009 -0.649219 -0.711819
vn 0.141323 -0.0273363 -0.989586
vn -0.268009 -0.649219 -0.711819
vn 0.296808 -0.532625 -0.7926
vn 0.310778 0.151888 -0.938268
vn 0.141323 -0.0273363 -0.989586
vn 0.141323 -0.0273363 -0.989586
vn 0.310778 0.151888 -0.938268
vn 0.33075 0.752632 -0.569341
vn 0.424513 0.638907 -0.64155
vn 0.424513 0.638907 -0.64155
vn 0.699433 0.420682 -0.577771
vn 0.493072 -0.249496 -0.833446
vn 0.141323 -0.0273363 -0.989586
vn 0.340855 -0.249496 0.906405
vn -0.115352 -0.760165 0.639408
vn -0.0645294 -0.9979 -0.0056455
vn 0.621901 -0.718979 0.310335
vn -0.0645294 -0.9979 -0.0056455
vn -0.00256714 -0.760165 -0.649725
vn 0.493072 -0.249496 -0.833446
vn 0.666342 -0.718979 -0.197628
vn 0.493072 -0.249496 -0.833446
vn 0.699433 0.420682 -0.577771
vn 0.845444 0.528917 0.0739668
vn 0.94834 -0.265965 -0.172957
vn 0.845444 0.528917 0.0739668
vn 0.588478 0.420682 0.690449
vn 0.340855 -0.249496 0.906405
vn 0.903899 -0.265965 0.335007
vn 0.306659 0.638907 0.705519
vn 0.588478 0.420682 0.690449
vn 0.845444 0.528917 0.0739668
vn 0.45918 0.887434 0.0401731
vn 0.845444 0.528917 0.0739668
vn 0.699433 0.420682 -0.577771
vn 0.424513 0.638907 -0.64155
vn 0.45918 0.887434 0.0401731
vn 0.424513 0.638907 -0.64155
vn 0.33075 0.752632 -0.569341
vn 0.288782 0.957061 0.0252652
vn 0.45918 0.887434 0.0401731
vn 0.288782 0.957061 0.0252652
vn 0.22686 0.752632 0.618125
vn 0.306659 0.638907 0.705519
vn 0.45918 0.887434 0.0401731
vn 0.78394 -0.617036 0.0685855
vn 0.413374 -0.514316 0.751399
vn 0.585397 -0.310683 0.748857
vn 0.911738 -0.402954 0.0797663
vn 0.585397 -0.310683 0.748857
vn 0.446366 -0.566819 0.692441
vn 0.650914 -0.757012 0.0569476
vn 0.911738 -0.402954 0.0797663
vn 0.650914 -0.757012 0.0569476
vn 0.559826 -0.566819 -0.60441
vn 0.706541 -0.310683 -0.635827
vn 0.911738 -0.402954 0.0797663
vn 0.706541 -0.310683 -0.635827
vn 0.537573 -0.514316 -0.668202
vn 0.78394 -0.617036 0.0685855
vn 0.911738 -0.402954 0.0797663
vn 0.585397 -0.310683 0.748857
vn 0.413374 -0.514316 0.751399
vn -0.273845 -0.180232 0.944735
vn -0.111185 -0.0631757 0.99179
vn -0.273845 -0.180232 0.944735
vn -0.815607 0.117066 0.566641
vn -0.752027 0.189981 0.631159
vn -0.111185 -0.0631757 0.99179
vn -0.752027 0.189981 0.631159
vn -0.808436 -0.0833055 0.582659
vn -0.249141 -0.452105 0.856464
vn -0.111185 -0.0631757 0.99179
vn -0.249141 -0.452105 0.856464
vn 0.446366 -0.566819 0.692441
vn 0.585397 -0.310683 0.748857
vn -0.111185 -0.0631757 0.99179
vn 0.650914 -0.757012 0.0569476
vn 0.446366 -0.566819 0.692441
vn -0.249141 -0.452105 0.856464
vn -0.105594 -0.963325 0.246688
vn -0.249141 -0.452105 0.856464
vn -0.808436 -0.0833055 0.582659
vn -0.988336 -0.125359 -0.0864685
vn -0.6024 -0.77189 0.203223
vn -0.988336 -0.125359 -0.0864685
vn -0.694976 -0.0833057 -0.714191
vn -0.0966323 -0.452105 -0.886715
vn -0.557959 -0.77189 -0.304741
vn -0.0966323 -0.452105 -0.886715
vn 0.559826 -0.566819 -0.60441
vn 0.650914 -0.757012 0.0569476
vn -0.0611524 -0.963325 -0.261276
vn -0.105633 -0.180232 -0.977936
vn 0.537573 -0.514316 -0.668202
vn 0.706541 -0.310683 -0.635827
vn 0.0627262 -0.0631758 -0.996029
vn 0.706541 -0.310683 -0.635827
vn 0.559826 -0.566819 -0.60441
vn -0.0966323 -0.452105 -0.886715
vn 0.0627262 -0.0631758 -0.996029
vn -0.0966323 -0.452105 -0.886715
vn -0.694976 -0.0833057 -0.714191
vn -0.631003 0.189981 -0.752159
vn 0.0627262 -0.0631758 -0.996029
vn -0.631003 0.189981 -0.752159
vn -0.704819 0.117066 -0.699661
vn -0.105633 -0.180232 -0.977936
vn 0.0627262 -0.0631758 -0.996029
vn -0.752027 0.189981 0.631159
vn -0.815607 0.117066 0.566641
vn -0.968842 0.232723 -0.084763
vn -0.952181 0.293958 -0.0833052
vn -0.968842 0.232723 -0.084763
vn -0.704819 0.117066 -0.699661
vn -0.631003 0.189981 -0.752159
vn -0.952181 0.293958 -0.0833052
vn -0.631003 0.189981 -0.752159
vn -0.694976 -0.0833057 -0.714191
vn -0.988336 -0.125359 -0.0864685
vn -0.952181 0.293958 -0.0833052
vn -0.988336 -0.125359 -0.0864685
vn -0.808436 -0.0833055 0.582659
vn -0.752027 0.189981 0.631159
vn -0.952181 0.293958 -0.0833052
vn 0.30653 -0.641182 0.703509
vn 0.599589 -0.376138 0.706408
vn 0.165832 0.144037 0.975578
vn -0.280256 -0.192721 0.94038
vn -0.280256 -0.192721 0.94038
vn 0.165832 0.144037 0.975578
vn -0.138676 0.734911 0.663834
vn -0.759816 0.251288 0.599612
vn -0.215823 0.97625 -0.0188821
vn -0.900051 0.42861 -0.0787446
vn -0.759816 0.251288 0.599612
vn -0.138676 0.734911 0.663834
vn -0.644151 0.251288 -0.722443
vn -0.900051 0.42861 -0.0787446
vn -0.215823 0.97625 -0.0188821
vn -0.021296 0.734911 -0.67783
vn -0.021296 0.734911 -0.67783
vn 0.33272 0.144037 -0.931961
vn -0.112703 -0.192721 -0.97476
vn -0.644151 0.251288 -0.722443
vn 0.33272 0.144037 -0.931961
vn 0.713146 -0.376138 -0.591559
vn 0.424036 -0.641182 -0.639593
vn -0.112703 -0.192721 -0.97476
vn 0.713146 -0.376138 -0.591559
vn 0.827759 -0.556391 0.0724195
vn 0.627705 -0.776511 0.0549169
vn 0.424036 -0.641182 -0.639593
vn 0.627705 -0.776511 0.0549169
vn 0.827759 -0.556391 0.0724195
vn 0.599589 -0.376138 0.706408
vn 0.30653 -0.641182 0.703509
vn 0.599589 -0.376138 0.706408
vn 0.421646 -0.31077 0.851843
vn 0.143129 0.151888 0.97798
vn 0.165832 0.144037 0.975578
vn -0.273845 -0.180232 0.944735
vn 0.413374 -0.514316 0.751399
vn 0.30653 -0.641182 0.703509
vn -0.280256 -0.192721 0.94038
vn 0.165832 0.144037 0.975578
vn 0.143129 0.151888 0.97798
vn 0.22686 0.752632 0.618125
vn -0.138676 0.734911 0.663834
vn -0.815607 0.117066 0.566641
vn -0.273845 -0.180232 0.944735
vn -0.280256 -0.192721 0.94038
vn -0.759816 0.251288 0.599612
vn -0.138676 0.734911 0.663834
vn 0.22686 0.752632 0.618125
vn 0.288782 0.957061 0.0252652
vn -0.215823 0.97625 -0.0188821
vn -0.968842 0.232723 -0.084763
vn -0.815607 0.117066 0.566641
vn -0.759816 0.251288 0.599612
vn -0.900051 0.42861 -0.0787446
vn 0.288782 0.957061 0.0252652
vn 0.33075 0.752632 -0.569341
vn -0.021296 0.734911 -0.67783
vn -0.215823 0.97625 -0.0188821
vn -0.644151 0.251288 -0.722443
vn -0.704819 0.117066 -0.699661
vn -0.968842 0.232723 -0.084763
vn -0.900051 0.42861 -0.0787446
vn 0.33075 0.752632 -0.569341
vn 0.310778 0.151888 -0.938268
vn 0.33272 0.144037 -0.931961
vn -0.021296 0.734911 -0.67783
vn -0.112703 -0.192721 -0.97476
vn -0.105633 -0.180232 -0.977936
vn -0.704819 0.117066 -0.699661
vn -0.644151 0.251288 -0.722443
vn 0.310778 0.151888 -0.938268
vn 0.563162 -0.31077 -0.765684
vn 0.713146 -0.376138 -0.591559
vn 0.33272 0.144037 -0.931961
vn 0.424036 -0.641182 -0.639593
vn 0.537573 -0.514316 -0.668202
vn -0.105633 -0.180232 -0.977936
vn -0.112703 -0.192721 -0.97476
vn 0.563162 -0.31077 -0.765684
vn 0.904872 -0.418257 0.0791662
vn 0.827759 -0.556391 0.0724195
vn 0.713146 -0.376138 -0.591559
vn 0.627705 -0.776511 0.0549169
vn 0.78394 -0.617036 0.0685855
vn 0.537573 -0.514316 -0.668202
vn 0.424036 -0.641182 -0.639593
vn 0.827759 -0.556391 0.0724195
vn 0.904872 -0.418257 0.0791662
vn 0.421646 -0.31077 0.851843
vn 0.599589 -0.376138 0.706408
vn 0.413374 -0.514316 0.751399
vn 0.78394 -0.617036 0.0685855
vn 0.627705 -0.776511 0.0549169
vn 0.30653 -0.641182 0.703509
g Fly
usemtl Fly
s 1
f 5/94/1 3/84/2 4/54/3 6/56/4
f 7/47/5 8/36/6 5/23/7 6/46/8
f 9/89/9 10/71/10 7/47/11 6/46/12
f 4/54/13 11/34/14 9/19/15 6/56/16
f 14/113/17 12/106/18 13/119/19 15/121/20
f 17/116/21 16/108/22 14/113/23 15/121/24
f 18/9/25 19/13/26 17/5/27 15/2/28
f 15/2/29 13/4/30 20/14/31 18/9/32
f 18/9/33 20/14/34 21/52/35 22/53/36
f 23/61/37 19/13/38 18/9/39 22/53/40
f 24/107/41 25/103/42 23/61/43 22/53/44
f 21/52/45 26/102/46 24/107/47 22/53/48
f 29/3/49 27/10/50 28/7/51 30/1/52
f 26/102/53 29/117/54 30/120/55 24/107/56
f 31/118/57 25/103/58 24/107/59 30/120/60
f 28/7/61 32/8/62 31/6/63 30/1/64
f 33/64/65 12/106/66 14/113/67 34/62/68
f 28/7/69 27/10/70 33/64/71 34/62/72
f 35/59/73 32/8/74 28/7/75 34/62/76
f 14/113/77 16/108/78 35/59/79 34/62/80
f 35/59/81 16/108/82 17/116/83 36/58/84
f 31/6/85 32/8/86 35/59/87 36/58/88
f 23/61/89 25/103/90 31/118/91 36/65/92
f 17/5/93 19/13/94 23/61/95 36/65/96
f 12/106/97 37/90/98 38/97/99 13/119/100
f 33/64/101 39/63/102 37/90/103 12/106/104
f 13/4/105 38/16/106 40/30/107 20/14/108
f 20/14/109 40/30/110 41/51/111 21/52/112
f 41/51/113 42/86/114 26/102/115 21/52/116
f 42/86/117 43/95/118 29/117/119 26/102/120
f 44/29/121 39/63/122 33/64/123 27/10/124
f 43/15/125 44/29/126 27/10/127 29/3/128
f 37/90/129 45/83/130 46/91/131 38/97/132
f 39/63/133 47/60/134 45/83/135 37/90/136
f 38/16/137 46/27/138 48/42/139 40/30/140
f 48/42/141 49/50/142 41/51/143 40/30/144
f 41/51/145 49/50/146 50/67/147 42/86/148
f 50/67/149 51/87/150 43/95/151 42/86/152
f 52/45/153 47/60/154 39/63/155 44/29/156
f 51/28/157 52/45/158 44/29/159 43/15/160
f 54/92/161 46/91/162 45/83/163 53/82/164
f 45/83/165 47/60/166 55/57/167 53/82/168
f 48/42/169 46/27/170 54/26/171 56/43/172
f 57/49/173 49/50/174 48/42/175 56/43/176
f 50/67/177 49/50/178 57/49/179 58/66/180
f 59/88/181 51/87/182 50/67/183 58/66/184
f 55/57/185 47/60/186 52/45/187 60/44/188
f 52/45/189 51/28/190 59/25/191 60/44/192
f 62/96/193 54/92/194 53/82/195 61/85/196
f 53/82/197 55/57/198 63/55/199 61/85/200
f 64/35/201 56/43/202 54/26/203 62/18/204
f 65/48/205 57/49/206 56/43/207 64/35/208
f 58/66/209 57/49/210 65/48/211 66/80/212
f 59/88/213 58/66/214 66/80/215 67/93/216
f 63/55/217 55/57/218 60/44/219 68/33/220
f 60/44/221 59/25/222 67/17/223 68/33/224
f 61/85/225 3/84/226 5/94/227 62/96/228
f 3/84/229 61/85/230 63/55/231 4/54/232
f 5/23/233 8/36/234 64/35/235 62/18/236
f 65/48/237 64/35/238 8/36/239 7/47/240
f 10/71/241 66/80/242 65/48/243 7/47/244
f 66/80/245 10/71/246 9/89/247 67/93/248
f 63/55/249 68/33/250 11/34/251 4/54/252
f 9/19/253 11/34/254 68/33/255 67/17/256
f 71/174/257 69/170/258 70/161/259 72/160/260
f 73/241/261 74/211/262 71/206/263 72/242/264
f 75/280/265 76/269/266 73/241/267 72/242/268
f 70/161/269 77/152/270 75/146/271 72/160/272
f 78/172/273 69/170/274 71/174/275 79/181/276
f 81/175/277 80/171/278 78/172/279 79/181/280
f 82/208/281 83/210/282 81/202/283 79/190/284
f 71/206/285 74/211/286 82/208/287 79/190/288
f 82/208/289 74/211/290 73/241/291 84/240/292
f 85/239/293 83/210/294 82/208/295 84/240/296
f 86/270/297 87/268/298 85/239/299 84/240/300
f 73/241/301 76/269/302 86/270/303 84/240/304
f 75/146/305 77/152/306 88/151/307 89/142/308
f 86/270/309 76/269/310 75/280/311 89/290/312
f 90/277/313 87/268/314 86/270/315 89/290/316
f 88/151/317 91/153/318 90/149/319 89/142/320
f 70/161/321 69/170/322 78/172/323 92/162/324
f 88/151/325 77/152/326 70/161/327 92/162/328
f 93/163/329 91/153/330 88/151/331 92/162/332
f 78/172/333 80/171/334 93/163/335 92/162/336
f 93/163/337 80/171/338 81/175/339 94/164/340
f 90/149/341 91/153/342 93/163/343 94/164/344
f 85/239/345 87/268/346 90/277/347 94/238/348
f 81/202/349 83/210/350 85/239/351 94/238/352
f 97/32/353 95/39/354 96/77/355 98/75/356
f 100/74/357 99/38/358 97/32/359 98/75/360
f 101/105/361 102/99/362 100/74/363 98/75/364
f 96/77/365 103/100/366 101/105/367 98/75/368
f 104/22/369 95/39/370 97/32/371 105/12/372
f 97/32/373 99/38/374 106/21/375 105/12/376
f 106/21/377 99/38/378 100/74/379 107/72/380
f 100/74/381 102/99/382 108/110/383 107/72/384
f 101/105/385 103/100/386 109/111/387 110/114/388
f 108/110/389 102/99/390 101/105/391 110/114/392
f 96/77/393 95/39/394 104/22/395 111/78/396
f 109/111/397 103/100/398 96/77/399 111/78/400
f 112/31/401 113/41/402 104/24/403 105/11/404
f 106/20/405 114/37/406 112/31/407 105/11/408
f 115/69/409 114/37/410 106/20/411 107/68/412
f 108/109/413 116/98/414 115/69/415 107/68/416
f 117/104/417 116/98/418 108/109/419 110/115/420
f 109/112/421 118/101/422 117/104/423 110/115/424
f 119/79/425 118/101/426 109/112/427 111/81/428
f 104/24/429 113/41/430 119/79/431 111/81/432
f 119/79/433 113/41/434 112/31/435 120/73/436
f 117/104/437 118/101/438 119/79/439 120/73/440
f 115/69/441 116/98/442 117/104/443 120/73/444
f 112/31/445 114/37/446 115/69/447 120/73/448
f 123/133/449 121/135/450 122/137/451 124/129/452
f 126/124/453 125/128/454 123/133/455 124/129/456
f 127/130/457 128/125/458 126/124/459 124/129/460
f 122/137/461 129/136/462 127/130/463 124/129/464
f 130/138/465 121/135/466 123/133/467 131/134/468
f 132/155/469 133/150/470 130/144/471 131/154/472
f 134/166/473 135/165/474 132/155/475 131/154/476
f 123/133/477 125/128/478 134/127/479 131/134/480
f 134/127/481 125/128/482 126/124/483 136/122/484
f 137/168/485 135/165/486 134/166/487 136/173/488
f 138/169/489 139/167/490 137/168/491 136/173/492
f 126/124/493 128/125/494 138/123/495 136/122/496
f 127/130/497 129/136/498 140/139/499 141/131/500
f 138/123/501 128/125/502 127/130/503 141/131/504
f 142/157/505 139/167/506 138/169/507 141/156/508
f 140/143/509 143/147/510 142/157/511 141/156/512
f 122/137/513 121/135/514 130/138/515 144/140/516
f 140/139/517 129/136/518 122/137/519 144/140/520
f 145/145/521 143/147/522 140/143/523 144/141/524
f 130/144/525 133/150/526 145/145/527 144/141/528
f 145/145/529 133/150/530 132/155/531 146/158/532
f 142/157/533 143/147/534 145/145/535 146/158/536
f 137/168/537 139/167/538 142/157/539 146/158/540
f 132/155/541 135/165/542 137/168/543 146/158/544
f 149/276/545 147/273/546 148/285/547 150/288/548
f 150/288/549 152/287/550 151/271/551 149/276/552
f 154/192/553 152/182/554 150/180/555 153/189/556
f 148/183/557 155/187/558 153/189/559 150/180/560
f 156/262/561 147/273/562 149/276/563 157/261/564
f 158/248/565 159/244/566 156/262/567 157/261/568
f 157/261/569 160/258/570 161/247/571 158/248/572
f 149/276/573 151/271/574 160/258/575 157/261/576
f 153/189/577 155/187/578 162/196/579 163/197/580
f 164/205/581 154/192/582 153/189/583 163/197/584
f 165/219/585 164/205/586 163/197/587 166/213/588
f 162/196/589 167/217/590 166/213/591 163/197/592
f 148/224/593 147/243/594 156/254/595 168/225/596
f 162/209/597 155/216/598 148/224/599 168/225/600
f 169/227/601 167/217/602 162/209/603 168/225/604
f 156/254/605 159/244/606 169/227/607 168/225/608
f 169/227/609 159/244/610 158/248/611 170/228/612
f 166/213/613 167/217/614 169/227/615 170/228/616
f 171/229/617 165/219/618 166/213/619 170/228/620
f 158/248/621 161/247/622 171/229/623 170/228/624
f 174/282/625 172/284/626 173/293/627 175/292/628
f 177/286/629 176/274/630 174/282/631 175/292/632
f 178/186/633 179/193/634 177/184/635 175/178/636
f 173/176/637 180/185/638 178/186/639 175/178/640
f 181/266/641 172/284/642 174/282/643 182/265/644
f 183/253/645 184/255/646 181/266/647 182/265/648
f 185/264/649 186/249/650 183/253/651 182/265/652
f 174/282/653 176/274/654 185/264/655 182/265/656
f 185/256/657 176/252/658 177/237/659 187/236/660
f 188/234/661 186/249/662 185/256/663 187/236/664
f 189/214/665 190/221/666 188/234/667 187/236/668
f 177/237/669 179/223/670 189/214/671 187/236/672
f 178/186/673 180/185/674 191/195/675 192/199/676
f 189/207/677 179/193/678 178/186/679 192/199/680
f 193/215/681 190/221/682 189/207/683 192/199/684
f 191/195/685 194/212/686 193/215/687 192/199/688
f 196/232/689 184/255/690 183/253/691 195/233/692
f 193/215/693 194/212/694 196/232/695 195/233/696
f 188/234/697 190/221/698 193/215/699 195/233/700
f 183/253/701 186/249/702 188/234/703 195/233/704
f 200/259/705 199/272/706 197/278/707 198/263/708
f 202/246/709 200/259/710 198/263/711 201/251/712
f 201/251/713 203/231/714 204/230/715 202/246/716
f 204/230/717 203/231/718 205/218/719 206/220/720
f 207/201/721 208/204/722 206/220/723 205/218/724
f 209/188/725 210/191/726 208/204/727 207/201/728
f 211/177/729 212/179/730 210/191/731 209/188/732
f 199/272/733 212/289/734 211/291/735 197/278/736
f 160/258/737 151/271/738 199/272/739 200/259/740
f 197/278/741 172/284/742 181/266/743 198/263/744
f 161/247/745 160/258/746 200/259/747 202/246/748
f 198/263/749 181/266/750 184/255/751 201/251/752
f 171/229/753 161/247/754 202/246/755 204/230/756
f 201/251/757 184/255/758 196/232/759 203/231/760
f 206/220/761 165/219/762 171/229/763 204/230/764
f 196/232/765 194/212/766 205/218/767 203/231/768
f 208/204/769 164/205/770 165/219/771 206/220/772
f 194/212/773 191/195/774 207/201/775 205/218/776
f 210/191/777 154/192/778 164/205/779 208/204/780
f 191/195/781 180/185/782 209/188/783 207/201/784
f 212/179/785 152/182/786 154/192/787 210/191/788
f 180/185/789 173/176/790 211/177/791 209/188/792
f 151/271/793 152/287/794 212/289/795 199/272/796
f 211/291/797 173/293/798 172/284/799 197/278/800
f 215/77/801 213/40/802 214/32/803 216/76/804
f 214/32/805 217/38/806 218/74/807 216/76/808
f 218/74/809 220/99/810 219/105/811 216/76/812
f 219/105/813 221/100/814 215/77/815 216/76/816
f 214/32/817 213/40/818 222/22/819 223/12/820
f 224/21/821 217/38/822 214/32/823 223/12/824
f 218/74/825 217/38/826 224/21/827 225/72/828
f 226/110/829 220/99/830 218/74/831 225/72/832
f 227/111/833 221/100/834 219/105/835 228/114/836
f 219/105/837 220/99/838 226/110/839 228/114/840
f 222/22/841 213/40/842 215/77/843 229/78/844
f 215/77/845 221/100/846 227/111/847 229/78/848
f 222/24/849 231/41/850 230/31/851 223/11/852
f 230/31/853 232/37/854 224/20/855 223/11/856
f 224/20/857 232/37/858 233/70/859 225/68/860
f 233/70/861 234/98/862 226/109/863 225/68/864
f 226/109/865 234/98/866 235/104/867 228/115/868
f 235/104/869 236/101/870 227/112/871 228/115/872
f 227/112/873 236/101/874 237/79/875 229/81/876
f 237/79/877 231/41/878 222/24/879 229/81/880
f 230/31/881 231/41/882 237/79/883 238/73/884
f 237/79/885 236/101/886 235/104/887 238/73/888
f 235/104/889 234/98/890 233/70/891 238/73/892
f 233/70/893 232/37/894 230/31/895 238/73/896
f 241/137/897 239/135/898 240/132/899 242/129/900
f 240/132/901 243/128/902 244/124/903 242/129/904
f 244/124/905 246/126/906 245/130/907 242/129/908
f 245/130/909 247/136/910 241/137/911 242/129/912
f 240/132/913 239/135/914 248/138/915 249/134/916
f 248/144/917 251/150/918 250/155/919 249/154/920
f 250/155/921 253/165/922 252/166/923 249/154/924
f 252/127/925 243/128/926 240/132/927 249/134/928
f 244/124/929 243/128/930 252/127/931 254/122/932
f 252/166/933 253/165/934 255/168/935 254/173/936
f 255/168/937 257/167/938 256/169/939 254/173/940
f 256/123/941 246/126/942 244/124/943 254/122/944
f 258/139/945 247/136/946 245/130/947 259/131/948
f 245/130/949 246/126/950 256/123/951 259/131/952
f 256/169/953 257/167/954 260/157/955 259/156/956
f 260/157/957 261/148/958 258/143/959 259/156/960
f 248/138/961 239/135/962 241/137/963 262/140/964
f 241/137/965 247/136/966 258/139/967 262/140/968
f 258/143/969 261/148/970 263/145/971 262/141/972
f 263/145/973 251/150/974 248/144/975 262/141/976
f 250/155/977 251/150/978 263/145/979 264/159/980
f 263/145/981 261/148/982 260/157/983 264/159/984
f 260/157/985 257/167/986 255/168/987 264/159/988
f 255/168/989 253/165/990 250/155/991 264/159/992
f 267/276/993 265/273/994 266/285/995 268/288/996
f 268/288/997 270/287/998 269/271/999 267/276/1000
f 272/192/1001 270/182/1002 268/180/1003 271/189/1004
f 266/183/1005 273/187/1006 271/189/1007 268/180/1008
f 274/262/1009 265/273/1010 267/276/1011 275/261/1012
f 276/248/1013 277/244/1014 274/262/1015 275/261/1016
f 275/261/1017 278/258/1018 279/247/1019 276/248/1020
f 267/276/1021 269/271/1022 278/258/1023 275/261/1024
f 271/189/1025 273/187/1026 280/196/1027 281/197/1028
f 282/205/1029 272/192/1030 271/189/1031 281/197/1032
f 283/219/1033 282/205/1034 281/197/1035 284/213/1036
f 280/196/1037 285/217/1038 284/213/1039 281/197/1040
f 266/224/1041 265/243/1042 274/254/1043 286/225/1044
f 280/209/1045 273/216/1046 266/224/1047 286/225/1048
f 287/227/1049 285/217/1050 280/209/1051 286/225/1052
f 274/254/1053 277/244/1054 287/227/1055 286/225/1056
f 287/227/1057 277/244/1058 276/248/1059 288/228/1060
f 284/213/1061 285/217/1062 287/227/1063 288/228/1064
f 289/229/1065 283/219/1066 284/213/1067 288/228/1068
f 276/248/1069 279/247/1070 289/229/1071 288/228/1072
f 292/282/1073 290/284/1074 291/293/1075 293/292/1076
f 295/286/1077 294/274/1078 292/282/1079 293/292/1080
f 296/186/1081 297/193/1082 295/184/1083 293/178/1084
f 291/176/1085 298/185/1086 296/186/1087 293/178/1088
f 299/266/1089 290/284/1090 292/282/1091 300/265/1092
f 301/253/1093 302/255/1094 299/266/1095 300/265/1096
f 303/264/1097 304/249/1098 301/253/1099 300/265/1100
f 292/282/1101 294/274/1102 303/264/1103 300/265/1104
f 303/256/1105 294/252/1106 295/237/1107 305/236/1108
f 306/234/1109 304/249/1110 303/256/1111 305/236/1112
f 307/214/1113 308/221/1114 306/234/1115 305/236/1116
f 295/237/1117 297/223/1118 307/214/1119 305/236/1120
f 296/186/1121 298/185/1122 309/195/1123 310/199/1124
f 307/207/1125 297/193/1126 296/186/1127 310/199/1128
f 311/215/1129 308/221/1130 307/207/1131 310/199/1132
f 309/195/1133 312/212/1134 311/215/1135 310/199/1136
f 314/232/1137 302/255/1138 301/253/1139 313/233/1140
f 311/215/1141 312/212/1142 314/232/1143 313/233/1144
f 306/234/1145 308/221/1146 311/215/1147 313/233/1148
f 301/253/1149 304/249/1150 306/234/1151 313/233/1152
f 318/259/1153 317/272/1154 315/278/1155 316/263/1156
f 320/246/1157 318/259/1158 316/263/1159 319/251/1160
f 319/251/1161 321/231/1162 322/230/1163 320/246/1164
f 322/230/1165 321/231/1166 323/218/1167 324/220/1168
f 325/201/1169 326/204/1170 324/220/1171 323/218/1172
f 327/188/1173 328/191/1174 326/204/1175 325/201/1176
f 329/177/1177 330/179/1178 328/191/1179 327/188/1180
f 317/272/1181 330/289/1182 329/291/1183 315/278/1184
f 278/258/1185 269/271/1186 317/272/1187 318/259/1188
f 315/278/1189 290/284/1190 299/266/1191 316/263/1192
f 279/247/1193 278/258/1194 318/259/1195 320/246/1196
f 316/263/1197 299/266/1198 302/255/1199 319/251/1200
f 289/229/1201 279/247/1202 320/246/1203 322/230/1204
f 319/251/1205 302/255/1206 314/232/1207 321/231/1208
f 324/220/1209 283/219/1210 289/229/1211 322/230/1212
f 314/232/1213 312/212/1214 323/218/1215 321/231/1216
f 326/204/1217 282/205/1218 283/219/1219 324/220/1220
f 312/212/1221 309/195/1222 325/201/1223 323/218/1224
f 328/191/1225 272/192/1226 282/205/1227 326/204/1228
f 309/195/1229 298/185/1230 327/188/1231 325/201/1232
f 330/179/1233 270/182/1234 272/192/1235 328/191/1236
f 298/185/1237 291/176/1238 329/177/1239 327/188/1240
f 269/271/1241 270/287/1242 330/289/1243 317/272/1244
f 329/291/1245 291/293/1246 290/284/1247 315/278/1248
f 333/276/1249 331/273/1250 332/285/1251 334/288/1252
f 334/288/1253 336/287/1254 335/271/1255 333/276/1256
f 338/192/1257 336/182/1258 334/180/1259 337/189/1260
f 332/183/1261 339/187/1262 337/189/1263 334/180/1264
f 340/262/1265 331/273/1266 333/276/1267 341/261/1268
f 342/248/1269 343/244/1270 340/262/1271 341/261/1272
f 341/261/1273 344/258/1274 345/247/1275 342/248/1276
f 333/276/1277 335/271/1278 344/258/1279 341/261/1280
f 337/189/1281 339/187/1282 346/196/1283 347/197/1284
f 348/205/1285 338/192/1286 337/189/1287 347/197/1288
f 349/219/1289 348/205/1290 347/197/1291 350/213/1292
f 346/196/1293 351/217/1294 350/213/1295 347/197/1296
f 332/224/1297 331/243/1298 340/254/1299 352/225/1300
f 346/209/1301 339/216/1302 332/224/1303 352/225/1304
f 353/227/1305 351/217/1306 346/209/1307 352/225/1308
f 340/254/1309 343/244/1310 353/227/1311 352/225/1312
f 353/227/1313 343/244/1314 342/248/1315 354/228/1316
f 350/213/1317 351/217/1318 353/227/1319 354/228/1320
f 355/229/1321 349/219/1322 350/213/1323 354/228/1324
f 342/248/1325 345/247/1326 355/229/1327 354/228/1328
f 358/282/1329 356/284/1330 357/293/1331 359/292/1332
f 361/286/1333 360/274/1334 358/282/1335 359/292/1336
f 362/186/1337 363/193/1338 361/184/1339 359/178/1340
f 357/176/1341 364/185/1342 362/186/1343 359/178/1344
f 365/266/1345 356/284/1346 358/282/1347 366/265/1348
f 367/253/1349 368/255/1350 365/266/1351 366/265/1352
f 369/264/1353 370/249/1354 367/253/1355 366/265/1356
f 358/282/1357 360/274/1358 369/264/1359 366/265/1360
f 369/256/1361 360/252/1362 361/237/1363 371/236/1364
f 372/234/1365 370/249/1366 369/256/1367 371/236/1368
f 373/214/1369 374/221/1370 372/234/1371 371/236/1372
f 361/237/1373 363/223/1374 373/214/1375 371/236/1376
f 362/186/1377 364/185/1378 375/195/1379 376/199/1380
f 373/207/1381 363/193/1382 362/186/1383 376/199/1384
f 377/215/1385 374/221/1386 373/207/1387 376/199/1388
f 375/195/1389 378/212/1390 377/215/1391 376/199/1392
f 380/232/1393 368/255/1394 367/253/1395 379/233/1396
f 377/215/1397 378/212/1398 380/232/1399 379/233/1400
f 372/234/1401 374/221/1402 377/215/1403 379/233/1404
f 367/253/1405 370/249/1406 372/234/1407 379/233/1408
f 384/259/1409 383/272/1410 381/278/1411 382/263/1412
f 386/246/1413 384/259/1414 382/263/1415 385/251/1416
f 385/251/1417 387/231/1418 388/230/1419 386/246/1420
f 388/230/1421 387/231/1422 389/218/1423 390/220/1424
f 391/201/1425 392/204/1426 390/220/1427 389/218/1428
f 393/188/1429 394/191/1430 392/204/1431 391/201/1432
f 395/177/1433 396/179/1434 394/191/1435 393/188/1436
f 383/272/1437 396/289/1438 395/291/1439 381/278/1440
f 344/258/1441 335/271/1442 383/272/1443 384/259/1444
f 381/278/1445 356/284/1446 365/266/1447 382/263/1448
f 345/247/1449 344/258/1450 384/259/1451 386/246/1452
f 382/263/1453 365/266/1454 368/255/1455 385/251/1456
f 355/229/1457 345/247/1458 386/246/1459 388/230/1460
f 385/251/1461 368/255/1462 380/232/1463 387/231/1464
f 390/220/1465 349/219/1466 355/229/1467 388/230/1468
f 380/232/1469 378/212/1470 389/218/1471 387/231/1472
f 392/204/1473 348/205/1474 349/219/1475 390/220/1476
f 378/212/1477 375/195/1478 391/201/1479 389/218/1480
f 394/191/1481 338/192/1482 348/205/1483 392/204/1484
f 375/195/1485 364/185/1486 393/188/1487 391/201/1488
f 396/179/1489 336/182/1490 338/192/1491 394/191/1492
f 364/185/1493 357/176/1494 395/177/1495 393/188/1496
f 335/271/1497 336/287/1498 396/289/1499 383/272/1500
f 395/291/1501 357/293/1502 356/284/1503 381/278/1504
f 399/285/1505 397/273/1506 398/275/1507 400/288/1508
f 401/271/1509 402/287/1510 400/288/1511 398/275/1512
f 400/180/1513 402/182/1514 404/192/1515 403/189/1516
f 403/189/1517 405/187/1518 399/183/1519 400/180/1520
f 398/275/1521 397/273/1522 406/262/1523 407/260/1524
f 406/262/1525 409/244/1526 408/248/1527 407/260/1528
f 411/247/1529 410/257/1530 407/260/1531 408/248/1532
f 410/257/1533 401/271/1534 398/275/1535 407/260/1536
f 412/196/1537 405/187/1538 403/189/1539 413/197/1540
f 403/189/1541 404/192/1542 414/205/1543 413/197/1544
f 413/197/1545 414/205/1546 415/219/1547 416/213/1548
f 416/213/1549 417/217/1550 412/196/1551 413/197/1552
f 406/254/1553 397/243/1554 399/224/1555 418/226/1556
f 399/224/1557 405/216/1558 412/209/1559 418/226/1560
f 412/209/1561 417/217/1562 419/227/1563 418/226/1564
f 419/227/1565 409/244/1566 406/254/1567 418/226/1568
f 408/248/1569 409/244/1570 419/227/1571 420/228/1572
f 419/227/1573 417/217/1574 416/213/1575 420/228/1576
f 416/213/1577 415/219/1578 421/229/1579 420/228/1580
f 421/229/1581 411/247/1582 408/248/1583 420/228/1584
f 424/293/1585 422/283/1586 423/281/1587 425/292/1588
f 423/281/1589 426/274/1590 427/286/1591 425/292/1592
f 427/184/1593 429/193/1594 428/186/1595 425/178/1596
f 428/186/1597 430/185/1598 424/176/1599 425/178/1600
f 423/281/1601 422/283/1602 431/267/1603 432/265/1604
f 431/267/1605 434/255/1606 433/253/1607 432/265/1608
f 433/253/1609 436/249/1610 435/264/1611 432/265/1612
f 435/264/1613 426/274/1614 423/281/1615 432/265/1616
f 427/237/1617 426/252/1618 435/256/1619 437/235/1620
f 435/256/1621 436/249/1622 438/234/1623 437/235/1624
f 438/234/1625 440/222/1626 439/214/1627 437/235/1628
f 439/214/1629 429/223/1630 427/237/1631 437/235/1632
f 441/194/1633 430/185/1634 428/186/1635 442/198/1636
f 428/186/1637 429/193/1638 439/207/1639 442/198/1640
f 439/207/1641 440/222/1642 443/215/1643 442/198/1644
f 443/215/1645 444/212/1646 441/194/1647 442/198/1648
f 433/253/1649 434/255/1650 446/232/1651 445/233/1652
f 446/232/1653 444/212/1654 443/215/1655 445/233/1656
f 443/215/1657 440/222/1658 438/234/1659 445/233/1660
f 438/234/1661 436/249/1662 433/253/1663 445/233/1664
f 447/279/1665 448/272/1666 450/259/1667 449/263/1668
f 449/263/1669 450/259/1670 452/245/1671 451/250/1672
f 454/230/1673 453/231/1674 451/250/1675 452/245/1676
f 455/218/1677 453/231/1678 454/230/1679 456/220/1680
f 456/220/1681 458/203/1682 457/200/1683 455/218/1684
f 458/203/1685 460/191/1686 459/188/1687 457/200/1688
f 460/191/1689 462/179/1690 461/177/1691 459/188/1692
f 461/291/1693 462/289/1694 448/272/1695 447/279/1696
f 448/272/1697 401/271/1698 410/257/1699 450/259/1700
f 431/267/1701 422/283/1702 447/279/1703 449/263/1704
f 450/259/1705 410/257/1706 411/247/1707 452/245/1708
f 434/255/1709 431/267/1710 449/263/1711 451/250/1712
f 452/245/1713 411/247/1714 421/229/1715 454/230/1716
f 446/232/1717 434/255/1718 451/250/1719 453/231/1720
f 421/229/1721 415/219/1722 456/220/1723 454/230/1724
f 455/218/1725 444/212/1726 446/232/1727 453/231/1728
f 415/219/1729 414/205/1730 458/203/1731 456/220/1732
f 457/200/1733 441/194/1734 444/212/1735 455/218/1736
f 414/205/1737 404/192/1738 460/191/1739 458/203/1740
f 459/188/1741 430/185/1742 441/194/1743 457/200/1744
f 404/192/1745 402/182/1746 462/179/1747 460/191/1748
f 461/177/1749 424/176/1750 430/185/1751 459/188/1752
f 462/289/1753 402/287/1754 401/271/1755 448/272/1756
f 422/283/1757 424/293/1758 461/291/1759 447/279/1760
f 465/285/1761 463/273/1762 464/275/1763 466/288/1764
f 467/271/1765 468/287/1766 466/288/1767 464/275/1768
f 466/180/1769 468/182/1770 470/192/1771 469/189/1772
f 469/189/1773 471/187/1774 465/183/1775 466/180/1776
f 464/275/1777 463/273/1778 472/262/1779 473/260/1780
f 472/262/1781 475/244/1782 474/248/1783 473/260/1784
f 477/247/1785 476/257/1786 473/260/1787 474/248/1788
f 476/257/1789 467/271/1790 464/275/1791 473/260/1792
f 478/196/1793 471/187/1794 469/189/1795 479/197/1796
f 469/189/1797 470/192/1798 480/205/1799 479/197/1800
f 479/197/1801 480/205/1802 481/219/1803 482/213/1804
f 482/213/1805 483/217/1806 478/196/1807 479/197/1808
f 472/254/1809 463/243/1810 465/224/1811 484/226/1812
f 465/224/1813 471/216/1814 478/209/1815 484/226/1816
f 478/209/1817 483/217/1818 485/227/1819 484/226/1820
f 485/227/1821 475/244/1822 472/254/1823 484/226/1824
f 474/248/1825 475/244/1826 485/227/1827 486/228/1828
f 485/227/1829 483/217/1830 482/213/1831 486/228/1832
f 482/213/1833 481/219/1834 487/229/1835 486/228/1836
f 487/229/1837 477/247/1838 474/248/1839 486/228/1840
f 490/293/1841 488/283/1842 489/281/1843 491/292/1844
f 489/281/1845 492/274/1846 493/286/1847 491/292/1848
f 493/184/1849 495/193/1850 494/186/1851 491/178/1852
f 494/186/1853 496/185/1854 490/176/1855 491/178/1856
f 489/281/1857 488/283/1858 497/267/1859 498/265/1860
f 497/267/1861 500/255/1862 499/253/1863 498/265/1864
f 499/253/1865 502/249/1866 501/264/1867 498/265/1868
f 501/264/1869 492/274/1870 489/281/1871 498/265/1872
f 493/237/1873 492/252/1874 501/256/1875 503/235/1876
f 501/256/1877 502/249/1878 504/234/1879 503/235/1880
f 504/234/1881 506/222/1882 505/214/1883 503/235/1884
f 505/214/1885 495/223/1886 493/237/1887 503/235/1888
f 507/194/1889 496/185/1890 494/186/1891 508/198/1892
f 494/186/1893 495/193/1894 505/207/1895 508/198/1896
f 505/207/1897 506/222/1898 509/215/1899 508/198/1900
f 509/215/1901 510/212/1902 507/194/1903 508/198/1904
f 499/253/1905 500/255/1906 512/232/1907 511/233/1908
f 512/232/1909 510/212/1910 509/215/1911 511/233/1912
f 509/215/1913 506/222/1914 504/234/1915 511/233/1916
f 504/234/1917 502/249/1918 499/253/1919 511/233/1920
f 513/279/1921 514/272/1922 516/259/1923 515/263/1924
f 515/263/1925 516/259/1926 518/245/1927 517/250/1928
f 520/230/1929 519/231/1930 517/250/1931 518/245/1932
f 521/218/1933 519/231/1934 520/230/1935 522/220/1936
f 522/220/1937 524/203/1938 523/200/1939 521/218/1940
f 524/203/1941 526/191/1942 525/188/1943 523/200/1944
f 526/191/1945 528/179/1946 527/177/1947 525/188/1948
f 527/291/1949 528/289/1950 514/272/1951 513/279/1952
f 514/272/1953 467/271/1954 476/257/1955 516/259/1956
f 497/267/1957 488/283/1958 513/279/1959 515/263/1960
f 516/259/1961 476/257/1962 477/247/1963 518/245/1964
f 500/255/1965 497/267/1966 515/263/1967 517/250/1968
f 518/245/1969 477/247/1970 487/229/1971 520/230/1972
f 512/232/1973 500/255/1974 517/250/1975 519/231/1976
f 487/229/1977 481/219/1978 522/220/1979 520/230/1980
f 521/218/1981 510/212/1982 512/232/1983 519/231/1984
f 481/219/1985 480/205/1986 524/203/1987 522/220/1988
f 523/200/1989 507/194/1990 510/212/1991 521/218/1992
f 480/205/1993 470/192/1994 526/191/1995 524/203/1996
f 525/188/1997 496/185/1998 507/194/1999 523/200/2000
f 470/192/2001 468/182/2002 528/179/2003 526/191/2004
f 527/177/2005 490/176/2006 496/185/2007 525/188/2008
f 528/289/2009 468/287/2010 467/271/2011 514/272/2012
f 488/283/2013 490/293/2014 527/291/2015 513/279/2016
f 531/285/2017 529/273/2018 530/275/2019 532/288/2020
f 533/271/2021 534/287/2022 532/288/2023 530/275/2024
f 532/180/2025 534/182/2026 536/192/2027 535/189/2028
f 535/189/2029 537/187/2030 531/183/2031 532/180/2032
f 530/275/2033 529/273/2034 538/262/2035 539/260/2036
f 538/262/2037 541/244/2038 540/248/2039 539/260/2040
f 543/247/2041 542/257/2042 539/260/2043 540/248/2044
f 542/257/2045 533/271/2046 530/275/2047 539/260/2048
f 544/196/2049 537/187/2050 535/189/2051 545/197/2052
f 535/189/2053 536/192/2054 546/205/2055 545/197/2056
f 545/197/2057 546/205/2058 547/219/2059 548/213/2060
f 548/213/2061 549/217/2062 544/196/2063 545/197/2064
f 538/254/2065 529/243/2066 531/224/2067 550/226/2068
f 531/224/2069 537/216/2070 544/209/2071 550/226/2072
f 544/209/2073 549/217/2074 551/227/2075 550/226/2076
f 551/227/2077 541/244/2078 538/254/2079 550/226/2080
f 540/248/2081 541/244/2082 551/227/2083 552/228/2084
f 551/227/2085 549/217/2086 548/213/2087 552/228/2088
f 548/213/2089 547/219/2090 553/229/2091 552/228/2092
f 553/229/2093 543/247/2094 540/248/2095 552/228/2096
f 556/293/2097 554/283/2098 555/281/2099 557/292/2100
f 555/281/2101 558/274/2102 559/286/2103 557/292/2104
f 559/184/2105 561/193/2106 560/186/2107 557/178/2108
f 560/186/2109 562/185/2110 556/176/2111 557/178/2112
f 555/281/2113 554/283/2114 563/267/2115 564/265/2116
f 563/267/2117 566/255/2118 565/253/2119 564/265/2120
f 565/253/2121 568/249/2122 567/264/2123 564/265/2124
f 567/264/2125 558/274/2126 555/281/2127 564/265/2128
f 559/237/2129 558/252/2130 567/256/2131 569/235/2132
f 567/256/2133 568/249/2134 570/234/2135 569/235/2136
f 570/234/2137 572/222/2138 571/214/2139 569/235/2140
f 571/214/2141 561/223/2142 559/237/2143 569/235/2144
f 573/194/2145 562/185/2146 560/186/2147 574/198/2148
f 560/186/2149 561/193/2150 571/207/2151 574/198/2152
f 571/207/2153 572/222/2154 575/215/2155 574/198/2156
f 575/215/2157 576/212/2158 573/194/2159 574/198/2160
f 565/253/2161 566/255/2162 578/232/2163 577/233/2164
f 578/232/2165 576/212/2166 575/215/2167 577/233/2168
f 575/215/2169 572/222/2170 570/234/2171 577/233/2172
f 570/234/2173 568/249/2174 565/253/2175 577/233/2176
f 579/279/2177 580/272/2178 582/259/2179 581/263/2180
f 581/263/2181 582/259/2182 584/245/2183 583/250/2184
f 586/230/2185 585/231/2186 583/250/2187 584/245/2188
f 587/218/2189 585/231/2190 586/230/2191 588/220/2192
f 588/220/2193 590/203/2194 589/200/2195 587/218/2196
f 590/203/2197 592/191/2198 591/188/2199 589/200/2200
f 592/191/2201 594/179/2202 593/177/2203 591/188/2204
f 593/291/2205 594/289/2206 580/272/2207 579/279/2208
f 580/272/2209 533/271/2210 542/257/2211 582/259/2212
f 563/267/2213 554/283/2214 579/279/2215 581/263/2216
f 582/259/2217 542/257/2218 543/247/2219 584/245/2220
f 566/255/2221 563/267/2222 581/263/2223 583/250/2224
f 584/245/2225 543/247/2226 553/229/2227 586/230/2228
f 578/232/2229 566/255/2230 583/250/2231 585/231/2232
f 553/229/2233 547/219/2234 588/220/2235 586/230/2236
f 587/218/2237 576/212/2238 578/232/2239 585/231/2240
f 547/219/2241 546/205/2242 590/203/2243 588/220/2244
f 589/200/2245 573/194/2246 576/212/2247 587/218/2248
f 546/205/2249 536/192/2250 592/191/2251 590/203/2252
f 591/188/2253 562/185/2254 573/194/2255 589/200/2256
f 536/192/2257 534/182/2258 594/179/2259 592/191/2260
f 593/177/2261 556/176/2262 562/185/2263 591/188/2264
f 594/289/2265 534/287/2266 533/271/2267 580/272/2268
f 554/283/2269 556/293/2270 593/291/2271 579/279/2272
